[비즈&] 롯데홈쇼핑 물류센터에 업계 최초 자동화 시스템 도입 外, 롯데홈쇼핑이 경기도 이천에 업계 최초로 자동화 시스템을 도입한 물류센터를 열었습니다. 자율주행 기반의 로봇을 도입하고 8134평 규모의 단층 구조 원라인 시스템으로..., https://www.yonhapnewstv.co.kr/news/MYH20221025012900038 
'5분이면 청약 끝'…한화생명 청약자동화 솔루션 특허 취득, (서울=연합인포맥스) 정지서 기자 = 한화생명이 업계 최초로 보험 신계약 과정을 로봇 기술로 자동화하며 법인대리점(GA) 시장에서의 영업 경쟁력 강화에 나섰다., https://news.einfomax.co.kr/news/articleView.html?idxno=4239120 
롯데홈쇼핑 이천 물류센터 오픈...최첨단 자동화 시스템 갖춰, 자율주행로봇 무인운반차 로봇팔 디팔렛타이저 등 최첨단 자동화 설비 도입. 롯데홈쇼핑(대표 이완신)이 난 21일(금) 경기도 이천에서 업계 최초로 자동화 시스템을..., http://www.klnews.co.kr/news/articleView.html?idxno=305926 
‘2022 국제 공구 및 스마트 용접 자동화전’ 성료, 최첨단 공구 및 스마트 용접 자동화기기를 한눈에 볼 수 있었던 '2022 국제 공구 및 스마트 용접 자동화전(TOOL TECH + SMART WELDING AUTOMATION FAIR)'이 나흘간 2..., http://www.snmnews.com/news/articleView.html?idxno=506612 
지멘스 차세대 IC DFT 자동화 솔루션 '테센트 멀티-다이' 공개, ... 가 선보인 테센트 멀티-다이 소프트웨어는 2.5D 및 3D IC 설계와 관련된 매우 복잡한 DFT 작업을 수행하기 위한 업계에서 가장 포괄적인 DFT 자동화 솔루션이다., https://www.hellot.net/news/article.html?no=72189 
창원시 창원국제용접 및 절단자동화전 성료, 용접·절단자동화 관련 기업체 판로 개척 지원과 신기술 정보 획득 및 정보 교류의 장을 마련하기 위한 목적으로 개최됐다. 이 전시회는 한국전시산업진흥회가 인증하는..., https://www.pressian.com/pages/articles/2022102523120788243 
창원시 "국내 최대 용접 및 절단자동화전 328억 수출상담", 용접 절단 최대 수요지인 창원에서 지난 18일부터 4일 간 개최된 34년 역사의 용접·절단 기술 전문 전시회인 창원국제용접 및 절단자동화전에는 1만여명의 관람객이 다녀..., http://www.newsfreezone.co.kr/news/articleView.html?idxno=419338 
자동화로 네트워크 전체 스위치 업그레이드를 효율화하는 방법, 자동화는 반복적인 네트워킹 작업에서 큰 차이를 만들어낼 수 있다. 파이썬 스크립트와 오픈소스 툴을 사용해 엔터프라이즈 스위치 업그레이드를 효율화하기 위해 필자..., https://www.itworld.co.kr/news/260974 
유아이패스 “자동화 시장 RPA에서 지능형 프로세스 자동화(IPA ..., 웨이브2에는 엔터프라이즈 자동화뿐 아니라 퍼스널 자동화(Personal Automation) 요소도 포함된다. 그는 “지난 3년 동안 많은 기업들이 RPA를 적용하면서 시간과 비용을..., https://byline.network/2022/10/20-208/ 
롯데홈쇼핑 이천 물류센터 오픈…자동화 시스템 도입, 롯데홈쇼핑은 경기도 이천에 자동화 시스템을 도입한 최첨단 물류센터를 오픈했다. 지난 21일 열린 오픈식에는 이완신 롯데홈쇼핑 대표 박찬복 롯데글로벌로지스 대표..., https://www.etnews.com/20221023000012 
디티앤씨알오 “자동화 CRO 플랫폼으로 성장할 것”, IPO 간담회 개최. 디티앤씨알오 “자동화 CRO 플랫폼으로 성장할 것”. “최근 3년간 매출과 신규 수주가 늘었고 2020년에는 흑자전환에 성공했습니다., https://www.hankyung.com/it/article/202210251982i 
최고의 회사 판매 소비 가격 및 성장률과 함께 광업 실험실 ..., 글로벌 광산 실험실 자동화 시스템 시장의 주요 참가자는 다음과 같습니다. FLSmidth A/S Bruker Corporation Datech Scientific Ltd. Intertek Group PLC Rocklabs(..., https://osaek.info/%EC%86%8C%EC%8B%9D/%EC%B5%9C%EA%B3%A0%EC%9D%98-%ED%9A%8C%EC%82%AC-%ED%8C%90%EB%A7%A4-%EC%86%8C%EB%B9%84-%EA%B0%80%EA%B2%A9-%EB%B0%8F-%EC%84%B1%EC%9E%A5%EB%A5%A0%EA%B3%BC-%ED%95%A8%EA%BB%98-%EA%B4%91%EC%97%85/20361/ 
플로어블 사업 자동화 행사 '플로우페스트 2022' 개최… 보쉬 ..., 선도적 지능형 사업 자동화 솔루션 플랫폼인 플로어블이 개최하는 플로우페스트 2022는 참가자들에게 전문가 대담 프레젠테이션 라이브 제품 시연 해커톤 등에 참여할..., https://www.newswire.co.kr/newsRead.php?no=953991 
[AI 기반 제조혁신-②] 조선업계 업황 개선에 인력 부족은 더욱 ..., 조선3사의 경우 이러한 인력난을 타개하기 위해 최근 무인자율운향 스마트조선소를 추진하고 있다. 특히 많은 용접 작업이 수행되는 공정 특성상 용접용 로봇 자동화..., https://www.hellot.net/news/article.html?no=72267 
[기고] Digital Labor와 사람이 공생하는 '미래'가 아닌 '현실 ..., 로보틱 프로세스 자동화(RPA·Robotic Process Automation)가 이런 디지털화 최전선에서 우선 기술로 자리매김하면서 빠르게 확산하며 문화적으로나 질적으로 변화를..., https://zdnet.co.kr/view/?no=20221025151016 
블루프리즘 전사적 자동화 지원하는 통합 지능형 자동화 플랫폼 출시, 지능형 자동화(Intelligent Automation IA) 분야의 글로벌 선도 기업이 블루프리즘이 로보틱 프로세스 자동화(RPA) 비즈니스 프로세스 관리(BPM)..., https://www.electimes.com/news/articleView.html?idxno=310245 
주방 자동화로 인력난 대처하는 日 국수전문점 '매직 누들 향미 ..., 지난 8월 일본 도쿄 에비스역에 향신료 국수 전문점 '매직 누들 향미면방(Magic Noodle 香味麺房)'은 주방 시설 자동화를 이뤄 인력 문제에 대처했다., http://foodnews.news/news/article.html?no=622255 
[유통가Info.] 롯데홈쇼핑 자동화 시스템 도입한 '이천 물류센터 ..., 최첨단 자동화 시스템 도입. 롯데홈쇼핑은 지난 21일 경기도 이천에서 업계 최초로 자동화 시스템을 도입해 최첨단 물류 인프라를 구현한 '이천 물류센터' 오픈식을..., https://www.sisaweek.com/news/articleView.html?idxno=157261 
한화생명 청약자동화 솔루션 특허 취득, [이코리아] 한화생명은 보험설계 및 청약 업무 프로세스 자동화 기술인 '청약자동화 솔루션'에 대한 BM특허를 특허청으로부터 취득했다고 25일 밝혔다., https://www.ekoreanews.co.kr/news/articleView.html?idxno=63431 
BIkorea 모바일 사이트 블루프리즘 '통합 지능형 자동화' 플랫폼 ..., 블루프리즘 코리아(지사장 이준원)은 19일 본사 발표를 인용 로보틱 프로세스 자동화(RPA) 비즈니스 프로세스 관리(BPM) 로우코드(Low-code) 및 노코드(No-code)..., http://m.bikorea.net/news/articleView.html?idxno=35277 
엔터프라이즈 로봇 프로세스 자동화 시장 2022 성장 최신 동향 ..., 엔터프라이즈 로봇 프로세스 자동화 Market은 제품 가격 이익 용량 생산 공급 수요 및 시장 성장률 및 예측 등을 포함한 세계 주요 지역 시장 상황을 분석했습니다., https://osaek.info/%EA%B1%B4%EA%B0%95/%EC%97%94%ED%84%B0%ED%94%84%EB%9D%BC%EC%9D%B4%EC%A6%88-%EB%A1%9C%EB%B4%87-%ED%94%84%EB%A1%9C%EC%84%B8%EC%8A%A4-%EC%9E%90%EB%8F%99%ED%99%94-%EC%8B%9C%EC%9E%A5-2022-%EC%84%B1%EC%9E%A5-%EC%B5%9C/21428/ 
한화생명 청약자동화 솔루션 특허 취득 - 서울경제, 청약자동화 솔루션은 고객 정보를 입력하면 가입설계부터 청약에 이르는 신계약 과정을 설계봇이 설계사를 보조해 청약업무의 편의성을 증대하는 시스템이다. 특허에 대한..., https://www.sedaily.com/NewsView/26CHK5V7NA/GC18 
백오피스 자동화 시장(2022~2028) – 산업 분야 전반에 걸쳐 ..., 백오피스 자동화 시장 조사 보고서는 최신 시장 통찰력 향후 동향 및 제품 및 서비스 분석에 대한 현재 상황 분석을 보여줍니다. 이 보고서는 시장의 시장 상태 규모..., https://osaek.info/%EC%86%8C%EC%8B%9D/%EB%B0%B1%EC%98%A4%ED%94%BC%EC%8A%A4-%EC%9E%90%EB%8F%99%ED%99%94-%EC%8B%9C%EC%9E%A520222028-%EC%82%B0%EC%97%85-%EB%B6%84%EC%95%BC-%EC%A0%84%EB%B0%98%EC%97%90-%EA%B1%B8%EC%B3%90-%EC%84%B1/21613/ 
한국미쓰도요 정밀 측정 자동화 주제 오픈하우스 개최, 전시회 중에는 제조 산업의 트렌드에 있어서 필수불가결한 “자동화”를 주제로 테크니컬 세미나가 개최돼 자동차 항공 전기전자 등 다양한 제조산업군의 고객으로부터..., http://www.kidd.co.kr/news/229773 
"국내 기업 97% 자동화 고도화 고려...문제는 인력난", “국내 기업 중 97%가 지능형 프로세스 자동화(IPA) 도입을 고려할 정도로 자동화의 이점을 인식하고 있다. 하지만 인력난 등으로 실제 도입률은 미치지 못한 상황이다., https://zdnet.co.kr/view/?no=20221019011909 
한화생명 청약자동화 솔루션 특허 '설계부터 청약까지 단 5분', [아시아경제 이창환 기자] 한화생명이 업계 최초로 보험 신계약 과정을 로봇 기술로 자동화하며 법인대리점(GA) 시장에서의 영업 경쟁력 강화에 나섰다., https://cm.asiae.co.kr/article/finance/2022102514461143702 
산업자동화 TSN 공통 적합성 시험 개발 위한 TIACC 출범.. CC ..., CC-Link협회(CLPA)를 비롯한 글로벌 산업자동화 네트워크 5개 단체가 'IEEE/IEC 60802 TSN Profile for Industrial Automation'의 공통 적합성 시험 계획을 공동 개발..., https://icnweb.kr/2022/67770/ 
코닉오토메이션 LG화학에 자동화시스템 구축, [디지털데일리 정혜원 기자] 2차전지 장비 회사 코닉오토메이션이 상장 이후 첫 수주 소식을 알렸다. 24일 코닉오토메이션(대표 김혁 나화성)이 LG화학 품질검사 자동화..., https://www.ddaily.co.kr/news/article/?no=249522 
[한국산업대전] 물류 자동화 만드는 부품 및 솔루션, 반도체 제조 공정 물류 보관 창고 등에서 제품 이송을 자동화하는 시스템이 산업통상자원부가 주최하고 한국기계산업진흥회가 주관한 '2022 한국산업대전(DTon)'에..., http://www.kidd.co.kr/news/229750 
블루프리즘 전사적 자동화 확산 지원하는 통합 지능형 자동화 ..., RPA·BPM·AI 및 노코드 기능 결합한 포괄적 지능형 자동화 제품군 제공 “긴밀하게 결합된 블루프리즘 IA 플랫폼 태스크 자동화에서 프로세스 자동화로 확산 지원”., https://www.newswire.co.kr/newsRead.php?no=953688 
그루밍 지역의 필드 포스 자동화 시장 경쟁 통찰력 및 기회 ..., 필드 포스 자동화보고서는 존경 사슬 구조 현대적 관점 주정부 조사 응용 프로그램 시장 규모 점유율 현재 성장 주요 동향 동인 미래 예측을 명확히 하는..., https://www.lnews.tv/%EC%86%8C%EC%8B%9D/%EA%B7%B8%EB%A3%A8%EB%B0%8D-%EC%A7%80%EC%97%AD%EC%9D%98-%ED%95%84%EB%93%9C-%ED%8F%AC%EC%8A%A4-%EC%9E%90%EB%8F%99%ED%99%94-%EC%8B%9C%EC%9E%A5-%EA%B2%BD%EC%9F%81-%ED%86%B5%EC%B0%B0%EB%A0%A5-%EB%B0%8F/12255/ 
美 인비아 쉽히어로 2개 물류창고 추가 자동화, 미국 인비아로보틱스(inVia Robotics)가 거대 물류회사 쉽히어로(ShipHero)의 2개 주문처리(풀필먼트) 센터 자동화 시스템 구축과 함께 자율이동로봇(AMR)을 공급..., http://www.irobotnews.com/news/articleView.html?idxno=29847 
美 인비아 쉽히어로 2개 물류창고 추가 자동화, 미국 인비아로보틱스(inVia Robotics)가 거대 물류회사 쉽히어로(ShipHero)의 2개 주문처리(풀필먼트) 센터 자동화 시스템 구축과 함께 자율이동로봇(AMR)을 공급..., http://m.irobotnews.com/news/articleView.html?idxno=29847 
산업 자동화 거리 측정 센서 시장: 2028년까지 제품 주요 ..., 산업 자동화 거리 측정 센서 시장: 2028년까지 제품 주요 제조업체 지리 동향 및 예측별로 분류 | Sick AGOmronPepperl+FuchsBaumer., https://osaek.info/%EC%86%8C%EC%8B%9D/%EC%82%B0%EC%97%85-%EC%9E%90%EB%8F%99%ED%99%94-%EA%B1%B0%EB%A6%AC-%EC%B8%A1%EC%A0%95-%EC%84%BC%EC%84%9C-%EC%8B%9C%EC%9E%A5-2028%EB%85%84%EA%B9%8C%EC%A7%80-%EC%A0%9C%ED%92%88-%EC%A3%BC%EC%9A%94/19360/ 
블루프리즘 전사적 자동화 확산 돕는 '통합 지능형 자동화 ..., 블루프리즘 전사적 자동화 확산 돕는 '통합 지능형 자동화 플랫폼' 출시. 편집부 | ITWorld. 4일 전. 블루프리즘이 로보틱 프로세스 자동화(RPA)..., https://www.itworld.co.kr/news/260236 
로봇신문사 모바일 모바일 사이트 화낙 아일랜드 로봇·자동화 ..., △화낙이 아일랜드에 첫 전용 로봇 및 자동화 관련 시설을 열었다. 지난 11일 개소식에는 브룩 타란트 화낙 마케팅 전문가(왼쪽부터) 톰 바우치어 화낙 영국 및 아일랜드..., http://m.irobotnews.com/news/articleView.html?idxno=29815 
피플펀드 대출 승인전략 자동화 시스템 개발…연내 적용, 아고스는 국내에선 처음으로 개발된 대출 승인전략 자동화 시스템입니다. 빠르게 바뀌는 경제 환경과 고객 특성 변화에 취약한 기존 신용평가모형의 한계를 극복하기..., https://biz.sbs.co.kr/article/20000085575 
지능형 프로세스 자동화(IPA) 시장 2022 글로벌 통찰력 및 ..., 지능형 프로세스 자동화(IPA) 시장 은 다음 매개변수에 대한 과거 및 미래 전망과 함께 산업 분석을 제공하는 광범위한 시장 조사 보고서입니다., https://osaek.info/%EC%86%8C%EC%8B%9D/%EC%A7%80%EB%8A%A5%ED%98%95-%ED%94%84%EB%A1%9C%EC%84%B8%EC%8A%A4-%EC%9E%90%EB%8F%99%ED%99%94ipa-%EC%8B%9C%EC%9E%A5-2022-%EA%B8%80%EB%A1%9C%EB%B2%8C-%ED%86%B5%EC%B0%B0%EB%A0%A5-%EB%B0%8F-%EB%B9%84/18634/ 
'코스닥 상장' 앞둔 뉴로메카 "로봇 자동화로 글로벌 본격 공략", 협동로봇은 작업 환경에서 사람의 일을 돕는 로봇이다. 로봇 제품뿐만 아니라 로봇 자동화 솔루션도 제공하고 있다. 이를 통해 로봇 자동화 토탈 솔루션 전문기업으로..., https://news.mt.co.kr/mtview.php?no=2022102015005114906 
블루프리즘 통합 지능형 자동화 플랫폼 출시 < 솔루션 < 뉴스 ..., RPA·BPM·AI 및 노코드 기능 결합한 포괄적 지능형 자동화 제품군 제공. [아이티데일리] 블루프리즘은 △로보틱 프로세스 자동화(RPA) △비즈니스 프로세스 관리(..., http://www.itdaily.kr/news/articleView.html?idxno=210623 
[화요광장] 인공지능(AI)으로 인한 생산성 향상에 대한 효과 분석, 첫째 지능형 자동화(intelligent automation)다. AI가 기존의 자동화 솔루션 기능을 넘어 성장을 이끌 수 있는 지능형 자동화 시대를 열었다는 것이다., http://www.daejonilbo.com/news/articleView.html?idxno=2029742 
CDP 마케팅 자동화 솔루션과 함께 사용되어야 하는 네 가지 이유, 기존의 마케팅 자동화 솔루션은 개별 채널의 데이터를 수집하고 마케팅에 활용할 수 있다는 큰 장점이 있습니다. 덕분에 마케터는 행동별로 고객을 분류하고 서로 다른..., http://www.madtimes.org/news/articleView.html?idxno=15077 
코닉오토메이션 LG화학 ‘검사 자동화 시스템’ 구축 수주, [데이터넷] 올해 스팩합병을 통해 코스닥 시장에 상장한 2차전지 장비 및 물류 자동화 전문 기업 코닉오토메이션(대표 김혁·나화성)은 LG화학의 '검사 자동화 시스템'..., http://www.datanet.co.kr/news/articleView.html?idxno=177621 
카카오 홍은택 "복구 지연 원인은 서버 자동화 배포 시스템", 홍은택 카카오 (48800원 △350 +0.72%) 대표는 19일 경기 성남시 판교사옥에서 열린 대국민 사과 간담회에서 "서버 배포 자동화 시스템이 작동하지 않으면 서버를..., https://news.mt.co.kr/mtview.php?no=2022101911240042660 
로봇 공학 기반 자동화 시스템 2022-2028 시장 규모 성장 동향 ..., 글로벌 로봇 공학 기반 자동화 시스템 시장 규모 상태 및 예측 2022-2027. 이 보고서는 기술 주요 동향 시장 동인 과제 표준화 규제 환경 배포 모델..., https://www.lnews.tv/%EC%86%8C%EC%8B%9D/%EB%A1%9C%EB%B4%87-%EA%B3%B5%ED%95%99-%EA%B8%B0%EB%B0%98-%EC%9E%90%EB%8F%99%ED%99%94-%EC%8B%9C%EC%8A%A4%ED%85%9C-2022-2028-%EC%8B%9C%EC%9E%A5-%EA%B7%9C%EB%AA%A8-%EC%84%B1%EC%9E%A5-%EB%8F%99%ED%96%A5/10933/ 
양식 자동화 소프트웨어 시장 2022 규모 성장 분석 보고서 ..., Form Automation Software Market Research Report 2022-2028(제품 유형 최종 사용자/응용 프로그램 및 지역/국가별)이라는 MarketInsightsReports의 최신 릴리스는..., https://osaek.info/%EC%86%8C%EC%8B%9D/%EC%96%91%EC%8B%9D-%EC%9E%90%EB%8F%99%ED%99%94-%EC%86%8C%ED%94%84%ED%8A%B8%EC%9B%A8%EC%96%B4-%EC%8B%9C%EC%9E%A5-2022-%EA%B7%9C%EB%AA%A8-%EC%84%B1%EC%9E%A5-%EB%B6%84%EC%84%9D-%EB%B3%B4%EA%B3%A0/17480/ 
실험실 자동화 소프트웨어 시장은 가까운 장래에 큰 영향을 미칠 ..., 실험실 자동화 소프트웨어 시장 조사 보고서 2022-2028(제품 유형 최종 사용자/응용 프로그램 및 지역/국가별)이라는 MarketInsightsReports의 최신 릴리스는 주요..., https://osaek.info/%EC%86%8C%EC%8B%9D/%EC%8B%A4%ED%97%98%EC%8B%A4-%EC%9E%90%EB%8F%99%ED%99%94-%EC%86%8C%ED%94%84%ED%8A%B8%EC%9B%A8%EC%96%B4-%EC%8B%9C%EC%9E%A5%EC%9D%80-%EA%B0%80%EA%B9%8C%EC%9A%B4-%EC%9E%A5%EB%9E%98%EC%97%90-%ED%81%B0/17448/ 
롯데홈쇼핑 이천 물류센터 오픈···최첨단 자동화 출고 시스템 구축, 자율주행로봇 무인운반차 로봇팔 디팔렛타이저 등 업계 최초 최첨단 자동화 설비 도입 시간당 8천 박스 출고···출고 물량 3배 이상 증가 처리 시간 절반으로 단축., https://m.nocutnews.co.kr/news/5836978 
유아이패스 "국내 기업들 지능형 프로세스 자동화(IPA) 전환이 ..., 이번 조사에 따르면 한국 조직의 67%가 로봇 프로세스 자동화(Robotic Process Automation; RPA) 이니셔티브를 확대하거나 전사적 RPA 도입을 달성할 것으로 나타났다., https://www.ddaily.co.kr/news/article/?no=249131 
“한국 조직의 3분의 2 2025년까지 RPA 도입 및 전사적 확장할 것”, 본 조사에 따르면 한국 조직의 67%가 로봇 프로세스 자동화(Robotic Process Automation; RPA) 이니셔티브를 확대하거나 전사적 RPA 도입을 달성을 목표하는 것으로..., http://m.newstap.co.kr/news/articleView.html?idxno=177200 
[한국산업대전] AI 기반 제상 자동화로 에너지 절감, ... 온도 변화로 물건 손상이 발생할 수 있다”며 “ADS는 카메라로 증발기를 확인해 인공지능이 서리 제거 시점을 판단 후 제거하는 작업을 자동화했다”고 말했다., http://kidd.co.kr/news/229737 
협동로봇 개척자 '뉴로메카' 공모가 1만6900원 '밴드 최상단 ..., 여기에 로봇 자동화시장 성장의 핵심으로 자리잡을 것으로 기대되는 RaaS 플랫폼까지 제공해 로봇 자동화 토탈 솔루션을 구축했다. 협동로봇 기반의 RaaS 플랫폼을 정식..., https://kr.investing.com/news/markets/article-845521 
[ISEC 2022] 시높시스 오픈소스 보안 자동화에 대한 글로벌 ..., ISEC 2022 둘째 날인 19일 B트랙에서 시높시스 필립 이반치크(Phillip Ivancic)는 'Global Industry Case Studies on Open Source Security Automation(오픈소스 보안..., http://www.boannews.com/media/view.asp?idx=110732 
자동화 vs 밧줄 당기기... 많이 다른 남과 북의 도하작전, 19일 경기 여주시 남한강 일대에서 열린 한미연합 제병협동 도하훈련에서 부교를 설치하고 있다(위 사진). 2017년 1월 서울 류경수에 105탱크사단의 도하 훈련에..., https://m.hankookilbo.com/News/Read/A2022102010590001303 
[한국산업대전] 분말펌프 및 분말 정량 토출기…로봇자동화 대응, 로봇자동화 대응. 가루SOL과 넥스트펌프 DTon 참가…다종의 분말 펌프 소개. 기사입력 2022-10-20 20:..., https://kidd.co.kr/news/229728 
지멘스 DFT 작업 자동화 위한 '테센트 멀티 다이' 솔루션 발표, 지멘스가 선보이는 '테센트 멀티-다이 소프트웨어'는 2.5D 및 3D IC 설계 관련 복잡한 DFT 작업을 수행하기 위한 포괄적인 DFT 자동화 솔루션이다. 이 솔루션은 지멘스..., http://www.industrynews.co.kr/news/articleView.html?idxno=47504 
두산로보틱스 '2022 창원국제용접 및 절단자동화전' 참가, 두산로보틱스 로봇 용접 자동화 솔루션은 프로그래밍이 쉬워 작업을 유연하게 변경할 수 있으며 레이아웃 변경 없이 협소한 공간에도 설치가 용이하다. 또한 시스템에..., http://www.newslock.co.kr/news/articleView.html?idxno=61082 
에이티에이 ‘2022 창원국제용접 및 절단자동화전’서 협동로봇 활용한 자동화 시스템 선보여... “참관객 이니셜로 라벨 부착 시연!”, 에이티에이는 10월 18일(화)부터 21일(금)까지 4일간 창원컨벤션센터(CECO)에서 개최한 '2022 창원국제용접 및 절단자동화전(WELDING KOREA 2022+AUTOMATION)'에..., http://kr.aving.net/news/articleView.html?idxno=1773131 
[스타트업 101 #67] 스토어링크 AI 기반 마케팅 자동화 솔루션 ..., 스토어링크는 인공지능(AI) 기반의 마케팅 자동화 솔루션을 제공하고 있습니다. 이커머스 데이터 분석을 바탕으로 광고 매체 중심이 아닌 네이버 쿠팡 등 오픈마켓에..., https://www.startuptoday.kr/news/articleView.html?idxno=45676 
데일리경제, ... ㈜경서글로텍(대표 김재홍)은 지난 18일부터 나흘간 일산 킨텍스(KINTEX)에서 열리는 '2022 국제 공구 및 스마트 용접 자동화전'에서 다양한 제품을 선보인다고 24..., http://www.kdpress.co.kr/news/articleView.html?idxno=115861 
2022-2028년까지 애플리케이션 및 개발 예측별로 분류된 ..., 보고서 Hive Research 는 소프트웨어 테스트 자동화 Market이라는 리포지토리에 새로운 통계 시장 보고서를 추가했습니다. 비용 수익 수요 및 비용 수익..., https://www.lnews.tv/%EC%86%8C%EC%8B%9D/2022-2028%EB%85%84%EA%B9%8C%EC%A7%80-%EC%95%A0%ED%94%8C%EB%A6%AC%EC%BC%80%EC%9D%B4%EC%85%98-%EB%B0%8F-%EA%B0%9C%EB%B0%9C-%EC%98%88%EC%B8%A1%EB%B3%84%EB%A1%9C-%EB%B6%84%EB%A5%98%EB%90%9C-%EC%86%8C/13691/ 
블루프리즘 BPM 결합한 통합 지능형 자동화 플랫폼 공개, 전사적 자동화 확산 지원. 블루프리즘이 통합형 IA 포트폴리오를 공개했다. 로보틱프로세스자동화(RPA) 비즈니스프로세스..., https://www.itbiznews.com/news/articleView.html?idxno=78898 
블루프리즘 통합 지능형 자동화 플랫폼 내놔, [디지털경제뉴스 박시현 기자] 블루프리즘이 로보틱 프로세스 자동화(RPA) 비즈니스 프로세스 관리(BPM) 로우코드 및 노코드 기능을 결합한 통합 지능형 자동화(IA)..., http://www.denews.co.kr/news/articleView.html?idxno=24740 
[후생신보] 삼광의료재단 충남 대전 소재 중부센터 전격 개원, 【후생신보】 삼광의료재단(이사장 황태국)은 24일 대전광역시 유성구에 위치한 최첨단 자동화 검사 시스템을 도입한 중부센터 개원 기념식을 진행하였고 전격 운영에..., http://www.whosaeng.com/139750 
[기업IR] 제일전기공업 '부산제조혁신협의회' 개최...스마트공장 ..., 생산·설비·품질 등 공장운영 정보를 실시간으로 수집해 △다관절 로봇을 활용한 조립공정 자동화 △지능형 AGV(무인운반차)를 통한 제품 물류 자동화 △AI비전검사기..., http://vip.mk.co.kr/news/view/21/23/446344.html 
“최첨단 물류 자동화 도입” 롯데홈쇼핑 이천 물류센터 개관, [헤럴드경제=이정아 기자] 롯데홈쇼핑은 지난 21일 경기도 이천에 업계 최초로 자율주행 로봇을 도입 자동화 시스템을 구축한 '이천 물류센터'를 열었다고 23일..., https://mbiz.heraldcorp.com/amp/view.php?ud=20221023000165 
[약업신문]대한약사회 약국 의약품 재고관리 자동화 추진, 대한약사회 약국 의약품 재고관리 자동화 추진. 심평원과 의약품 공급내역 정보연계 시범사업…PIT3000 사용 20개 약국 대상. 김정일 기자 jikim@yakup.com 플러스..., https://www.yakup.com/news/index.html?mode=view&nid=274575 
코윈테크 368억원 규모 2차전지 시스템 수주 ... 잇단 수출계약 ..., 코윈테크 관계자는 “2차전지 공정 스마트 자동화 장비 개발로 고객사에 기술력을 인정받은 점이 지속적인 수주 확보의 요인”이라며 “SLAM(자율주행) 예지·보전 솔루션..., https://kr.investing.com/news/markets/article-845068 
약사회-심평원 약국 의약품 재고 관리 자동화 추진, 약사회-심평원 약국 의약품 재고 관리 자동화 추진. 기사입력 : 22.10.21 20:27:03. 0 가. 플친추가. 심평원과 의약품 공급내역 정보연계 시범사업 진행., http://m.dailypharm.com/News/293101 
삼광의료재단 대전에 중부센터 개원…첨단 자동화 검사 시스템 ..., 중부센터는 약 1600㎡(약 500여 평) 규모의 시설에 최첨단 완전 자동화 검사 시스템을 구축했으며 진단의학검사 분자진단검사 병리검사 등 다양한 진단검사를 한 곳..., https://sports.chosun.com/news/news.htm?id=202210260100169210010824&ServiceDate=20221025 
아나로그디바이스 일렉트로니카 2022에서 산업의 지속 가능한 ..., 아나로그디바이스(ADI)는 11월 15 ~ 18일 독일 뮌헨에서 개최되는 일렉트로니카 2022(electronica 2022) 전시회에서 산업 자동화 및 계측 자동차 헬스케어..., http://www.e2news.com/news/articleView.html?idxno=246893 
[직썰현장] 로봇·무인·자동화…프랜차이즈 창업 '대세'를 찾아라, [직썰현장] 로봇·무인·자동화…프랜차이즈 창업 '대세'를 찾아라. 기자명 김혜리 기자; 입력 2022.10.22 16:49; 댓글 0., https://www.ziksir.com/news/articleView.html?idxno=30649 
대성기술텍 ‘2022 창원국제용접 및 절단자동화전’서 ‘DAM Plus 레이저 절단기’ 공개… “스마트 자동화 지원으로 높은 가성비”, 한편 WELDING KOREA + AUTOMATION은 1989년 서울 코엑스에서 1회를 시작으로 2009년 용접산업의 메카인 경상남도 창원으로 이전 후 34년간 양적·질적 성장을 거듭하여..., http://kr.aving.net/news/articleView.html?idxno=1773125 
로봇카페 비트 서대구역 등 KTX 주요역사 입점…자동화로 ..., ... 9월 KTX 서대구역에 입점한 것을 시작으로 KTX 주요 역사들에 확대되어 더 많은 기차 이용객들에게 자동화로 서비스 품질을 높여 여행의 재미를 더해줄 예정이다., http://www.newstap.co.kr/news/articleView.html?idxno=177298 
석유 및 가스 산업 자동화 시장 개요 및 경쟁 분석 – ABB Ltd ..., 석유 및 가스 산업 자동화보고서는 존경 사슬 구조 현대적 관점 지방 시험 응용 프로그램 시장 규모 점유율 현재 성장 주요 동향 동인 미래를 명확히 하는..., https://osaek.info/%EC%86%8C%EC%8B%9D/%EC%84%9D%EC%9C%A0-%EB%B0%8F-%EA%B0%80%EC%8A%A4-%EC%82%B0%EC%97%85-%EC%9E%90%EB%8F%99%ED%99%94-%EC%8B%9C%EC%9E%A5-%EA%B0%9C%EC%9A%94-%EB%B0%8F-%EA%B2%BD%EC%9F%81-%EB%B6%84%EC%84%9D-abb-ltd-emerson/11486/ 
슈어소프트테크 ‘2022 대구 국제 미래모빌리티엑스포’서 소프트웨어 검증 자동화 분야 독자 기술 알린다!, 슈어소프트는 소프트웨어 검증 자동화 분야에서 독자적인 기술을 개발한 소프트웨어 전문 기업이다. 자동차 국방·항공 철도 의료 조선·해양 등 Mission-Critical..., http://kr.aving.net/news/articleView.html?idxno=1773291 
에스씨하이테크 ‘2022 창원국제용접 및 절단자동화전’서 복합기능 갖춘 산업로봇용 ACF 선보여, 에스씨하이테크는 10월 18일(화)부터 21일(금)까지 4일간 창원컨벤션센터(CECO)에서 개최한 '2022 창원국제용접 및 절단자동화전(WELDING KOREA 2022+AUTOMATION)'에..., http://kr.aving.net/news/articleView.html?idxno=1773057 
스마트 홈 자동화 시장 신흥 동향 및 글로벌 수요 2022~2028 ..., 스마트 홈 자동화 시장 은 다음 매개변수에 대한 과거 및 미래 전망과 함께 업계 분석을 제공하는 광범위한 시장 조사 보고서입니다. 시장 규모 수익 수요 및 공급..., https://osaek.info/%EC%86%8C%EC%8B%9D/%EC%8A%A4%EB%A7%88%ED%8A%B8-%ED%99%88-%EC%9E%90%EB%8F%99%ED%99%94-%EC%8B%9C%EC%9E%A5-%EC%8B%A0%ED%9D%A5-%EB%8F%99%ED%96%A5-%EB%B0%8F-%EA%B8%80%EB%A1%9C%EB%B2%8C-%EC%88%98%EC%9A%94-20222028-abb-ltd/16444/ 
[르포] 로봇 600여대가 車 용접하고 조립...차세대 CUV 생산거점 ..., 차세대 크로스오버유틸리티차(CUV) 생산을 위해 현대화를 단행한 한국지엠 창원공장을 지난 19일 찾았다. 올해 3월 개선을 끝낸 공장답게 내부는 공정 자동화를 지원..., https://zdnet.co.kr/view/?no=20221020103203 
리지드 ‘2022 창원국제용접 및 절단자동화전’서 파이프 스탠드 및 용접 바이스 알려… “다양한 용도의 작업대 역할”, 리지드(RIDGID)는 10월 18일(화)부터 21일(금)까지 4일간 창원컨벤션센터(CECO)에서 개최한 '2022 창원국제용접 및 절단자동화전(WELDING KOREA 2022+AUTOMATION)'에..., http://kr.aving.net/news/articleView.html?idxno=1773128 
시간과 노력을 줄이고도 더 안전하게 MS Security의 지향점, [보안뉴스 원병철 기자] “복잡한 보안을 단순화하고 TI와 AI 자동화를 통해 위협을 감소시킨 후 운영 효율성을 통해 더 잘 보호할 수 있는 환경을 만드는 것..., http://www.boannews.com/media/view.asp?idx=110915 
제록스 분기 실적 발표... 어닝쇼크 매출 시장전망치 부합, 디지털 인쇄기 및 가벼운 생산 장치 및 솔루션; 워크플로 자동화 개인화 및 커뮤니케이션 소프트웨어 콘텐츠 관리 솔루션 디지털화 서비스를 활용하는 디지털..., https://www.hankyung.com/finance/article/202210253024R 
영빈테크 ‘2022 창원국제용접 및 절단자동화전’서 독일제 슈퍼 크리녹스 & 파이프 벤딩 복합기 소개해, 영빈테크(Young-Bin Tech)는 10월 18일(화)부터 21일(금)까지 4일간 창원컨벤션센터(CECO)에서 개최한 '2022 창원국제용접 및 절단자동화전(WELDING KOREA 2022+AUTOMATION)..., http://kr.aving.net/news/articleView.html?idxno=1773139 
제이엘코리아 ‘2022 창원국제용접 및 절단자동화전’서 레이저 용접기 선보여... “모재의 열변형 없는 장점!”, 제이엘코리아는 10월 18일(화)부터 21일(금)까지 4일간 창원컨벤션센터(CECO)에서 개최한 '2022 창원국제용접 및 절단자동화전(WELDING KOREA 2022+AUTOMATION)'에..., http://kr.aving.net/news/articleView.html?idxno=1773126 
초인종 카메라 탓에 택배기사의 ‘상사’처럼 굴다, 비단 자동화 기술에만 국한되지 않는다. 최근 초인종 카메라가 널리 확산되고 이에 따라 인간의 문화적 행동이 바뀌는 경향도 이 개념으로 쉽게 설명할 수 있다. 초인종..., https://m.khan.co.kr/national/national-general/article/202210251008011 
레이텍코리아 ‘2022 창원국제용접 및 절단자동화전’서 시그문드(siegmund) 용접테이블과 모듈화 클램핑 시스템 소개해, 이번 전시회에서 선보인 시그문드(Siegmund) 자동화 용접 테이블 및 모듈화 클램핑 시스템은 기계와 건설 금속 자동차 기술 등 거의 모든 분야에서 사용되며 로봇을..., http://kr.aving.net/news/articleView.html?idxno=1773124 
서경브레이징 HARFKO 2022서 다양한 브레이징 기계 소개해... “브레이징 자동화 독자 기술로 시장 선도하겠다!”, 국제공구 및 스마트 용접 자동화전(Tool Tech Smart Welding Automation Fair) 한국산업대전(DTon)이 동시 개최됐다. → HARFKO 2022 뉴스 특별 페이지 바로 가기 · →..., http://kr.aving.net/news/articleView.html?idxno=1773044 
유성이앤지 ‘2022 창원국제용접 및 절단자동화전’서 핸디형 파이버 레이저 마킹기 선보여... “유지관리 비용 최소화!”, 유성이앤지는 10월 18일(화)부터 21일(금)까지 4일간 창원컨벤션센터(CECO)에서 개최한 '2022 창원국제용접 및 절단자동화전(WELDING KOREA 2022+AUTOMATION)'에..., http://kr.aving.net/news/articleView.html?idxno=1773080 
SDA(서비스 제공 자동화) 시장 2022 글로벌 통찰력 및 비즈니스 ..., SDA(서비스 제공 자동화) 시장 2022 글로벌 통찰력 및 비즈니스 시나리오 – IBM Corporation UiPath IPsoft Blue Prism Xerox Corporation Nice Systems Ltd., https://www.lnews.tv/%EC%86%8C%EC%8B%9D/sda%EC%84%9C%EB%B9%84%EC%8A%A4-%EC%A0%9C%EA%B3%B5-%EC%9E%90%EB%8F%99%ED%99%94-%EC%8B%9C%EC%9E%A5-2022-%EA%B8%80%EB%A1%9C%EB%B2%8C-%ED%86%B5%EC%B0%B0%EB%A0%A5-%EB%B0%8F-%EB%B9%84%EC%A6%88%EB%8B%88/9304/ 
[ISEC 2022] 시큐레터 리버스 엔지니어링 기술 활용한 악성코드 ..., ISEC 2022 둘째 날인 19일 D트랙에서 시큐레터 임차성 대표는 '리버스 엔지니어링 기술 활용한 악성코드 탐지 자동화 사례-악성코드 차단을 위한 차세대 공격 방어..., http://www.boannews.com/media/view.asp?idx=110734 
코윈테크 368억원 수주 계약 체결...2차전지 시장 지속적인 수주 확대, 2차전지 자동화시스템 전문업체 코윈테크(대표 정갑용)가 24일 공시를 통해 글로벌 대형 고객사와 368억원 규모의 수주 계약을 체결했다고 밝혔다., https://www.kipost.net/news/articleView.html?idxno=304319 
SPC그룹 뒤늦은 사고방지 대책...불매운동 잠재울 수 있을까, 다만 시설확충과 설비 자동화 전담인력 확충 등을 통해 안전관리가 제대로 될지는 지켜봐야 한다는 지적이 따른다. 황재복 SPC 사장은 이날 허영인 그룹 회장의 대국민..., https://m.khan.co.kr/economy/economy-general/article/202210211104001 
비티케이오성 ‘2022 창원국제용접 및 절단자동화전’서 원터치 그라인딩 옵셋트 선보여... “흔들림 현상 없는 안전성!”, 비티케이오성은 10월 18일(화)부터 21일(금)까지 4일간 창원컨벤션센터(CECO)에서 개최한 '2022 창원국제용접 및 절단자동화전(WELDING KOREA 2022+AUTOMATION)'에..., http://kr.aving.net/news/articleView.html?idxno=1773059 
아나로그디바이스 '일렉트로니카 2022'에서 산업의 지속 가능한 ..., [테크월드뉴스=이세정 기자] 아나로그디바이스(ADI)는 일렉트로니카 2022(electronica 2022) 전시회에서 △산업 자동화 및 계측 △자동차 △헬스케어 △소비가전..., https://www.epnc.co.kr/news/articleView.html?idxno=228922 
일등테크 ‘2022 창원국제용접 및 절단자동화전’서 소부제 철판 개선가공기 선보여... “분당 가공능력 우수!”, 일등테크는 10월 18일(화)부터 21일(금)까지 4일간 창원컨벤션센터(CECO)에서 개최한 '2022 창원국제용접 및 절단자동화전(WELDING KOREA 2022+AUTOMATION)'에 참가해..., https://kr.aving.net/news/articleView.html?idxno=1773071 
코시스 ‘2022 창원국제용접 및 절단자동화전’서 형강 드릴 톱절단 탬덤라인 공개... “다양한 형강 3면 홀 작업 가능!”, 코시스는 10월 18일(화)부터 21일(금)까지 4일간 창원컨벤션센터(CECO)에서 개최한 '2022 창원국제용접 및 절단자동화전(WELDING KOREA 2022+AUTOMATION)'에 참가해..., http://kr.aving.net/news/articleView.html?idxno=1773121 
Advanced Instruments 임상 실험실 생산성을 극대화하는 자동 ..., OsmoPRO MAX는 정확하고 정밀한 테스트 결과뿐만 아니라 완전히 자동화된 솔루션을 제공한다. 이 기기는 향상된 효율성 및 간소화된 삼투압 측정 테스트 작업 흐름을 제공..., http://www.pharmnews.com/news/articleView.html?idxno=212203 
"딱 걸렸다"…김포경찰서 시민신고로 보이스피싱 수거책 검거, 아파트 자동화기기 앞에서 5만 원권을 20대 남성이 수차례 입금하는 것을 보고 수상하게 느낀 70대 어르신이 경찰에 신고로 보이스피싱 수거책이 검거됐다., https://www.kgnews.co.kr/news/article.html?no=722953 
삼광의료재단 대전 유성구에 중부센터 개원, 중부센터는 약 1600㎡ (약 500여평)규모의 시설에 최첨단 완전 자동화 검사 시스템을 구축했으며 진단의학검사 분자진단검사 병리검사 등 다양한 진단검사를 한곳에서..., https://www.mk.co.kr/news/it/view/2022/10/946680/ 
데일리경제, 약 1600㎡ (약 500여평) 규모의 시설에서 최첨단 완전 자동화 검사 시스템을 구축한 . 중부센터는 진단의학검사 분자진단검사 병리검사 등 다양한 진단검사를 한곳에서..., http://www.kdpress.co.kr/news/articleView.html?idxno=115901 
[오라클 클라우드월드 2022]오라클 기업 매매·거래 통합·자동화 ..., 오라클이 기업 비즈니스 운영 비용 절감 고객 경험 개선 신제품 출시를 지원하기 위해 엔드 투 엔드 기업용(B2B) 매매·거래를 통합·자동화하는 '오라클 B2B 커머스'..., https://www.etnews.com/20221020000002 
광양만권경제자유구역청 ‘2022 창원국제용접 및 절단자동화전’서 하동지구 ‘대송산업단지’ 기업 유치 나서!, 한편 WELDING KOREA + AUTOMATION은 1989년 서울 코엑스에서 1회를 시작으로 2009년 용접산업의 메카인 경상남도 창원으로 이전 후 34년간 양적·질적 성장을 거듭하여..., http://kr.aving.net/news/articleView.html?idxno=1773082 
두산로보틱스 협력사와 로봇용접 자동화 솔루션 선보인다, 두산로보틱스는 18~21일 경남 창원컨벤션센터에서 개최되는 '2022 창원국제용접 및 절단자동화전(WELDING KOREA 2022+ AUTOMATION)'에 참가한다고 18일 밝혔다. 2022 창원..., http://www.nbnnews.co.kr/news/articleView.html?idxno=710863 
창조테크 '2022 창원국제용접 및 절단자동화전'서 파이프 베벨 ..., 창조테크는 10월 18일(화)부터 21일(금)까지 4일간 창원컨벤션센터(CECO)에서 개최한 '2022 창원국제용접 및 절단자동화전(WELDING KOREA 2022+AUTOMATION)'에 참가해..., http://kr.aving.net/news/articleView.html?idxno=1773089 
자동화 엔지니어링 서비스 시장 2022 성장하는 수요 규모 및 ..., 자동화 엔지니어링 서비스 시장 2022 성장하는 수요 규모 및 비즈니스 전망 – Bastian Solutions Pilz Automation Safety LP Unico Inc. Victory Packaging GXS..., https://www.lnews.tv/%EC%86%8C%EC%8B%9D/%EC%9E%90%EB%8F%99%ED%99%94-%EC%97%94%EC%A7%80%EB%8B%88%EC%96%B4%EB%A7%81-%EC%84%9C%EB%B9%84%EC%8A%A4-%EC%8B%9C%EC%9E%A5-2022-%EC%84%B1%EC%9E%A5%ED%95%98%EB%8A%94-%EC%88%98%EC%9A%94-%EA%B7%9C/9375/ 
룩테크 ‘2022 창원국제용접 및 절단자동화전’서 신개념 금형 보수장비 ‘메탈닥터(METAL DOCTOR)’ 알렸다!, 또한 작동 중에 소음 먼지 가스 및 유해물질이 생성되지 않는 친환경적인 금형 보수 장비”라며 자신 있게 소개했다. 한편 WELDING KOREA + AUTOMATION은 1989년 서울..., http://kr.aving.net/news/articleView.html?idxno=1773094 
한국카쿠무역 ‘2022 창원국제용접 및 절단자동화전’서 냉각팬 및 원심형 터보팬 공개… “안전과 환경 중시하는 완전 방수팬”, 한편 WELDING KOREA + AUTOMATION은 1989년 서울 코엑스에서 1회를 시작으로 2009년 용접산업의 메카인 경상남도 창원으로 이전 후 34년간 양적·질적 성장을 거듭하여..., http://kr.aving.net/news/articleView.html?idxno=1773130 
주요 업체의 자동화 된 손 소독제 자동 판매기 시장 경쟁 환경 및 ..., 주요 업체의 자동화 된 손 소독제 자동 판매기 시장 경쟁 환경 및 진행 2022-2028 | Vendekin Technologies(Instor India) Gojo Industries Digital Media Vending..., https://www.lnews.tv/%EC%86%8C%EC%8B%9D/%EC%A3%BC%EC%9A%94-%EC%97%85%EC%B2%B4%EC%9D%98-%EC%9E%90%EB%8F%99%ED%99%94-%EB%90%9C-%EC%86%90-%EC%86%8C%EB%8F%85%EC%A0%9C-%EC%9E%90%EB%8F%99-%ED%8C%90%EB%A7%A4%EA%B8%B0-%EC%8B%9C%EC%9E%A5-%EA%B2%BD/11135/ 
[특파원 리포트] 실리콘 가울프스피드(WOLF.K) 다양한 긍정적 ..., JP모건은 울프스피드의 매출이 전기 자동차 보급 탄화규소 생산의 자동화 및 신규 공장등을 통해 핵심 사업 성장에 집중할 것이라고 평했다., https://www.infostockdaily.co.kr/news/articleView.html?idxno=182556 
TM ‘2022 창원국제용접 및 절단자동화전’서 독일 비커스(WIKUS)社 철골 절단용 톱날 알려… “양면코팅의 견고함 강점”, TM은 10월 18일(화)부터 21일(금)까지 3일간 창원컨벤션센터(CECO)에서 개최한 '2022 창원국제용접 및 절단자동화전(WELDING KOREA 2022+AUTOMATION)'에 참가해 독일..., http://kr.aving.net/news/articleView.html?idxno=1773086 
[Pangyo Tech] 비트코퍼레이션 미래형 로봇카페 KTX 서대구역에 입점... “자동화로 서비스 품질 UP!”, “자동화로 서비스 품질 UP!” 입력 2022.10.24. KTX 서대구역에서 운영되는 로봇카페 비트 이미지 | 제공-비트코퍼레이션. 비트코퍼레이션에 따르면 로봇카페 비트는..., http://kr.aving.net/news/articleView.html?idxno=1773269 
디지털 도어락 '즉시 잠기고 자동으로 열린다', KC규격에 맞는 완전 자동화 모티스는 오랫동안 많은 기업에서 개발하고 싶을 정도로 꿈의 기술로 불리고 있다. 이 모티스가 적용된 키인L의 경우 렛지볼트와 데드볼트를..., http://www.engjournal.co.kr/news/articleView.html?idxno=2090 
가온소프트 ‘2022 창원국제용접 및 절단자동화전’서 적재위치 트레킹 통한 실시간 모니터링 시스템 소개해... “물류인식 간소화!”, 가온소프트는 10월 18일(화)부터 21일(금)까지 4일간 창원컨벤션센터(CECO)에서 개최한 '2022 창원국제용접 및 절단자동화전(WELDING KOREA 2022+AUTOMATION)'에..., http://kr.aving.net/news/articleView.html?idxno=1773070 
엔디티엔지니어링 ‘2022 창원국제용접 및 절단자동화전’서 휴대용 초음파 탐상기 전시... “실외작업 최적화된 디자인!”, 엔디티엔지니어링은 10월 18일(화)부터 21일(금)까지 4일간 창원컨벤션센터(CECO)에서 개최한 '2022 창원국제용접 및 절단자동화전(WELDING KOREA 2022+AUTOMATION)'에..., http://kr.aving.net/news/articleView.html?idxno=1773091 
전주시·정보문화산업진흥원 건설현장 자동화 시스템 구축, 콘크리트 타설 시 영상을 인공지능으로 분석해 품질 검사를 자동화한다. 최근 사회적 이슈가 되고 있는 건설현장의 콘크리트 재료분리 불량에 의한 안전사고를 예방할 수..., https://m.news1.kr/articles/?4840617 
SMATEC 2022 제2회 스마트 제조 엔지니어링 콘퍼런스 개최, 서울--(뉴스와이어) 2022년 10월 24일 -- 스마트공장구축 및 생산자동화전(SMATEC 2022) 추진위원회와 리쉐니에가 공동 주관하며 한국공학대학교 Grand ICT 연구센터가..., https://www.newswire.co.kr/newsRead.php?no=954050 
한국아이에스 ‘2022 창원국제용접 및 절단자동화전’서 쉴드가스 절약형 레귤레이터 전시… “약 40%의 가스절약 효과!”, 한편 WELDING KOREA + AUTOMATION은 1989년 서울 코엑스에서 1회를 시작으로 2009년 용접산업의 메카인 경상남도 창원으로 이전 후 34년간 양적·질적 성장을 거듭하여..., http://kr.aving.net/news/articleView.html?idxno=1773077 
아이티케이웰딩 ‘2022 창원국제용접 및 절단자동화전’서 플라즈마 아크 용접 콘솔 소개해... “용접 주변기기 국산화 목표!”, 주요 전시 품목으로는 키홀 피-티그 용접 장치 플라즈마 아크 용접 콘솔 용접 카메라 휴대용 텅스텐 전극 연마기 등이 있다. 한편 WELDING KOREA + AUTOMATION은 1989..., http://kr.aving.net/news/articleView.html?idxno=1773090 
자동화 계측 시장 2022 정확한 전망 – ABB Ltd Emerson ..., 자동화 계측 시장보고서 2022 연구 보고서는 업계에 대한 최근 및 향후 기술 및 재무 세부 정보를 제공하는 중요한 정보 소스입니다. 구성된 모든 시장 통계 데이터는..., https://www.lnews.tv/%EC%86%8C%EC%8B%9D/%EC%9E%90%EB%8F%99%ED%99%94-%EA%B3%84%EC%B8%A1-%EC%8B%9C%EC%9E%A5-2022-%EC%A0%95%ED%99%95%ED%95%9C-%EC%A0%84%EB%A7%9D-abb-ltd-emerson-electric-company-honeywell-international-inc/8449/ 
K-건설기계 '친환경·스마트' 바람 분다, 무인·자동화 솔루션인 '콘셉트 엑스'와 스마트건설 솔루션 '사이트 클라우드'에 대한 시연행사도 연다. 또한 박람회 참가 최초로 전기 배터리팩을 출품하며 그동안 개발..., https://www.m-i.kr/news/articleView.html?idxno=959384 
오라클 회장 "상호연결·자동화로 `공공의료 DB` 만들겠다", 앨리슨 CTO 라스베이거스 연설 환자중심 시스템사업 완성 목표 "공공 전자 의료 DB 구축에 만전 응급상황 대비 모든기록 자동화". 오라클 회장 "상호연결·자동화로..., http://m.dt.co.kr/contents.html?article_no=2022101902109931820003 
최신 사이버위협 대응 인공지능·머신러닝 보안자동화 정보보호 ..., 데일리시큐는 오는 11월 15일 더케이호텔서울 2층 가야금홀에서 정부 공공 금융 기업 정보보호 책임자 및 실무자를 대상으로 인공지능·머신러닝을 활용한 보안자동화..., https://www.dailysecu.com/news/articleView.html?idxno=140597 
[PRNewswire] Advanced Instruments 임상 실험실 생산성을 ..., - 자동화된 바코드 스캔 기능은 전사 오류를 줄이고 샘플 혼동을 방지한다. - AdvancedQC™ 피어 그룹 프로그램에 대한 자동 데이터 업로드 기능으로 품질 관리 경향 및..., https://www.yna.co.kr/view/RPR20221024002400353 
[르포]한국지엠 창원공장 가보니…최첨단 자동화로 시간당 60대 ..., [창원=이데일리 송승현 기자] “차체 공장은 100% 자동화가 됐습니다. 현재 공장 내에 설치돼 있는 로봇 수는 605대로 차체 공장은 차세대 글로벌 신제품뿐만 아니라..., https://www.edaily.co.kr/news/read?newsId=03168486632494888&mediaCodeNo=257 
더 빠르고 안전하게...KIST 로봇 활용 비대면·원격 검체 채취 ..., 채취 전후 과정을 자동화해 속도까지 더했다. 한국과학기술연구원(KIST)의 김계리 안전증강융합연구단 책임연구원이 김정률 AI로봇연구소 선임연구원과 이룬 성과다., https://m.etnews.com/20221021000054 
BIkorea 모바일 사이트 유니버설 로봇 '협동로봇 활용 사례 ..., ... △LM 블록 가공 자동화 △스크류 드라이빙 △맥주 서빙 로봇 △드립 커피 로봇 ... 기업들도 저비용으로 쉽고 안전하게 자동화를 도입할 수 있다는 게 장점이다., http://m.bikorea.net/news/articleView.html?idxno=35315 
Advanced Instruments 자동 삼투압 측정기 OsmoPRO® MAX ..., 삼투압 측정 분야의 선도적인 권위자인 Advanced Instruments는 자동화를 통해 생산성을 높이고자 하는 모든 규모의 임상 실험실을 위한 OsmoPRO®를 설계했다., https://medifonews.com/news/article.html?no=171452 
년까지 로봇 프로세스 자동화 소프트웨어 시장 개요 규모 ..., 로봇 프로세스 자동화 소프트웨어 시장보고서 2022 연구 보고서는 업계에 대한 최근 및 향후 기술 및 재무 세부 정보를 제공하는 중요한 정보 소스입니다., https://www.lnews.tv/%EC%86%8C%EC%8B%9D/%EB%85%84%EA%B9%8C%EC%A7%80-%EB%A1%9C%EB%B4%87-%ED%94%84%EB%A1%9C%EC%84%B8%EC%8A%A4-%EC%9E%90%EB%8F%99%ED%99%94-%EC%86%8C%ED%94%84%ED%8A%B8%EC%9B%A8%EC%96%B4-%EC%8B%9C%EC%9E%A5-%EA%B0%9C%EC%9A%94/6176/ 
자동화된 인슐린 전달 시스템 시장 2022는 2028년까지 ..., 자동화된 인슐린 전달 시스템 시장 2022는 2028년까지 다가오는 해에 새로운 수준에 도달할 것입니다 | 일라이 릴리 탠덤 인슐렛. Posted on 10월 21 2022 by Choi., https://osaek.info/%EC%86%8C%EC%8B%9D/%EC%9E%90%EB%8F%99%ED%99%94%EB%90%9C-%EC%9D%B8%EC%8A%90%EB%A6%B0-%EC%A0%84%EB%8B%AC-%EC%8B%9C%EC%8A%A4%ED%85%9C-%EC%8B%9C%EC%9E%A5-2022%EB%8A%94-2028%EB%85%84%EA%B9%8C%EC%A7%80-%EB%8B%A4%EA%B0%80/15415/ 
자동화된 드론 비행 소프트웨어 시장 2020 최근 개발 및 성장 ..., 응용 프로그램을 기준으로 자동화된 드론 비행 소프트웨어 시장은 다음과 같이 분류됩니다. 수율 모니터링. 토양 모니터링. 정찰 활동. 기타. 지역 및 국가 수준 분석:., https://osaek.info/%EC%8A%A4%ED%8F%AC%EC%B8%A0/%EC%9E%90%EB%8F%99%ED%99%94%EB%90%9C-%EB%93%9C%EB%A1%A0-%EB%B9%84%ED%96%89-%EC%86%8C%ED%94%84%ED%8A%B8%EC%9B%A8%EC%96%B4-%EC%8B%9C%EC%9E%A5-2020-%EC%B5%9C%EA%B7%BC-%EA%B0%9C%EB%B0%9C-%EB%B0%8F/12834/ 
유니버설 로봇 협동로봇 활용 사례 전시회 연다, ... 제품을 파렛트 위에 쌓는 △팔레타이징 △용접 △폴리싱 △프레스 머신 △LM 블록 가공 자동화 △스크류 드라이빙 △맥주 서빙 로봇 △드립 커피 로봇 △ 교육..., http://www.irobotnews.com/news/articleView.html?idxno=29846 
HR 담당자들 “대화형 AI 플랫폼 도입 '직원경험 혁신' 가장 기대해”, 먼저 <현재 진행 중인 AI 가상비서 도입 프로젝트>로는 '단순업무의 자동화를 위한 AI 챗봇 구축(19%)'이 가장 많았다. 그리고 '특정 업무 혁신을 위한 AI 가상비서..., https://www.dailysecu.com/news/articleView.html?idxno=140696 
요양병원 청구·입퇴원 업무 '로봇'이 대신한다, 이든티앤에스는 18일 "RPA(로봇 프로세스 자동화 Robotic Process Automation) 솔루션을 이용해 요양병원의 단순 반복적인 업무를 자동화할 수 있는 '웍트로닉스'..., http://www.mediwelfare.com/news/articleView.html?idxno=3243 
[SOAR ⑤] 포티넷 | “충실한 SOA SIRP TIP 기능…국내 맞춤 ..., '보안 오케스트레이션 자동화 및 대응(Security Orchestration Automation and Response)' 줄여서 SOAR로 불리는 솔루션이 주목받는 배경이다. [SOAR ①] 보안 위협..., http://www.itdaily.kr/news/articleView.html?idxno=210356 
차세대 CUV 생산 준비 박차 GM 창원공장 살펴보니, 창원공장은 도장공장 신축을 비롯해 GM의 최신 글로벌 표준에 부합하는 자동화 설비를 적용 시간당 60대 수준의 케파와 연간 28만대 생산력을 확보했다., https://www.top-rider.com/news/articleView.html?idxno=62712 
11월 상장 뉴로메카…“세계 최대 규모 협동로봇 생산능력 구축 ..., 아울러 자체 기술로 로봇 자동화 솔루션을 구현하고 RaaS(Robot as a Service) 형태로 다양한 고객에게 제공 중이다. 특히 뉴로메카는 협동로봇 '인디'를 출시하면서..., https://kr.investing.com/news/markets/article-844330 
[뉴로메카] [투자의 시대/IPO기업] 협동로봇 자동화의 선도기업, 뉴로메카는 협동로봇(Collaborative robot)을 제조하여 공급하고 로봇 자동화 서비스를 제공하는 사업을 영위한다. 2013년에 포항지능로봇연구소의 책임연구원과..., https://m.mk.co.kr/stockview/?sCode=21&t_uid=19&c_uid=4786 
유니버설 로봇 협동로봇 활용 사례 전시회 11월 1-2일 개최, ... 제품을 파렛트 위에 쌓는 △팔레타이징 △용접 △폴리싱 △프레스 머신 △LM 블록 가공 자동화 △스크류 드라이빙 △맥주 서빙 로봇 △드립 커피 로봇 △교육..., https://www.koit.co.kr/news/articleView.html?idxno=104724 
한전 '경인 물류센터' 첨단기술 기반 물류혁신 나선다, 변압기 창고 로봇 등 자동화 설비 이용… 안전 작업환경 구축. 한국전력..., https://www.electimes.com/news/articleView.html?idxno=310275 
[인터뷰] 안준형 오아시스마켓 대표 "한파에 왜 IPO? 옥석 가려 ..., 기사내용 요약. 증시 냉각 속 연 매출 3500억 규모 이커머스 오아시스마켓 상장 준비 신선식품 새벽배송 플랫폼 중 유일 흑자…"SW 자동화 시스템 비결", https://newsis.com/view?id=NISX20221019_0002054118 
한전 '경인 물류센터' 첨단기술 기반 물류혁신 나선다, 변압기 창고 로봇 등 자동화 설비 이용… 안전 작업환경 구축. 한국전력..., https://www.electimes.com/news/articleView.html?idxno=310275 
[인터뷰] 안준형 오아시스마켓 대표 "한파에 왜 IPO? 옥석 가려 ..., 기사내용 요약. 증시 냉각 속 연 매출 3500억 규모 이커머스 오아시스마켓 상장 준비 신선식품 새벽배송 플랫폼 중 유일 흑자…"SW 자동화 시스템 비결", https://newsis.com/view?id=NISX20221019_0002054118 
데일리경제, 시큐레이어(대표 전주호)는 개발자 컨퍼런스 'STICK 2022'를 개최한 가운데 김진 시큐레이어 AI서비스모델팀 팀장이 머신러닝 자동화 아키텍처 'AutoAPE'를 공개했다고..., http://www.kdpress.co.kr/news/articleView.html?idxno=115842 
IoT와 AI…건설현장의 안전과 생산성 제고한다, 종이도면과 작업자 중심의 건설현장이 인공지능(AI)과 사물인터넷(IoT) 등 첨단 기술과 자동화를 통해 안전을 강화하는 동시에 생산성을 높이는데 역점을 두고 있다., http://kidd.co.kr/news/229762 
[카드] 뉴로메카 공모가 최상단…수요예측 1652.1대 1, 상장 주관사는 대신증권이다. 박종훈 뉴로메카 대표이사는 "당사는 협동로봇 제조사에서 RaaS 플랫폼까지 더 나아가 로봇 자동화 토탈 솔루션을 구축하고자 하는 3단계..., http://www.newsprime.co.kr/news/article/?no=583191 
美 앨리 로보틱스 노코드 로봇팔 개발, 앨리 로보틱스가 코딩·로봇 사용 경험 없는 자동화 사용자들을 위해 HW·SW를 결합한 이른바 노코드 로봇팔을 개발했다. 프라이 로봇 '플리피'로 유명한 미소 로보틱스..., http://www.irobotnews.com/news/articleView.html?idxno=29861 
제네시스 최초의 전용 전기차 GV60 제작 과정 영상 공개, 자동화 공정으로 완성된 GV60의 차체 프레임과 패널은 이후 용접 공정을 거쳐 BIW(Body In White)가 된다. 여기서 말하는 BIW란 금속 프레임과 패널이 조립 및 용접..., https://www.hyundai.co.kr/story/CONT0000000000048170 
'카톡 먹통' 카카오 부족했던 세 가지…자동화·셧다운 훈련·자체 ..., 카톡 먹통' 카카오 부족했던 세 가지…자동화·셧다운 훈련·자체 데이터센터. 박현준 발행일 2022-10-19 17:31:56. kakaotalk facebook twitter email link., https://www.bloter.net/newsView/blt202210190010 
"연간 50만대 생산 내년 흑자 전환하겠다", GM의 글로벌 표준 기술과 자동화 설비를 적용해 소형부터 대형차까지 생산 가능한 역량을 확보했다. 창원공장의 설비는 글로벌 GM 생산거점 중에서도 최고 수준이라는..., https://www.hankyung.com/car/article/2022102511511 
지멘스EDA 2.5D/3D IC DFT 작업 자동화 툴 공개, 지멘스EDA가 공개한 테센트 멀티-다이 툴은 2.5D/3D IC 설계와 관련된 복잡한 DFT 작업을 수행하기 위한 포괄적인 자동화 환경을 제공하도록 설계됐다., https://www.itbiznews.com/news/articleView.html?idxno=78983 
초인종 카메라 탓에 택배기사의 '상사'처럼 굴다, 비단 자동화 기술에만 국한되지 않는다. 최근 초인종 카메라가 널리 확산되고 이에 따라 인간의 문화적 행동이 바뀌는 경향도 이 개념으로 쉽게 설명할 수 있다. 초인종..., https://www.msn.com/ko-kr/news/national/%EC%B4%88%EC%9D%B8%EC%A2%85-%EC%B9%B4%EB%A9%94%EB%9D%BC-%ED%83%93%EC%97%90-%ED%83%9D%EB%B0%B0%EA%B8%B0%EC%82%AC%EC%9D%98-%EC%83%81%EC%82%AC%EC%B2%98%EB%9F%BC-%EA%B5%B4%EB%8B%A4/ar-AA13kS4W 
코윈테크 글로벌 대형사 368억 수주 계약 체결, [아시아경제 이광호 기자] 2차전지 자동화시스템 선도기업 코윈테크가 공시를 통해 글로벌 대형기업과 368억원 규모의 수주계약을 체결했다고 24일 밝혔다., https://cm.asiae.co.kr/article/2022102414521436337 
[기고] 망설여지는 RPA 전사도입... AI와 클라우드로 해결 가능해, RPA(로봇프로세스자동화)를 사용하는 고객을 만나면서 그들의 고민은 크게 세 가지 정도가 있다는 걸 알게 됐다. 첫째 RPA를 구축할 땐 고객의 예상보다 큰 비용이..., https://www.donga.com/news/It/article/all/20221025/116148179/1 
'한국지엠의 미래' 창원공장…“무결점 신차 위한 '스마트팩토리 ..., 이는 지난해 3월 신(新)도장공장 완공을 비롯해 올해 프레스 차체 조립공장의 전방위 최신화·자동화라는 값진 결과로 돌아왔다. 신차 양산을 앞두고 품질 확보..., https://www.sisaon.co.kr/news/articleView.html?idxno=144066 
부산항 신항 스마트 공동물류센터..누가 운영할까?, 로봇 사물인터넷(IoT) 빅데이터 인공지능(AI) 등 첨단 기술을 활용해 화물 보관과 입출고를 자동화하고 중소형 수출입 화주와 물류기업 등 물류 인프라 이용에서..., https://www.hellot.net/news/article.html?no=72256 
'주방기기도 자동화 시대', [서울=뉴스핌] 윤창빈 기자 = 20일 오후 서울 강남구 코엑스에서 열린 IFS 프랜차이즈 창업박람회 2022에서 관람객들이 다양한 프랜차이즈 상품을 둘러보고 있다., https://www.newspim.com/news/view/20221020000880 
'참치캔 작은 뼈' 3단계 수작업에도 놓쳤는데…놀라운 일이, 직장인 '신발 속 돌멩이' 빼는 AI 동원 "1100개 과제 AI 자동화 56만 시간 업무 단축 성과" LG이노텍 'AI 특허분석' 도입 2주 걸리던 작업이 1시간으로., https://www.hankyung.com/economy/article/2022102372251 
엔터플 싱크트리 노코드로 백엔드 개발시간 80%↓, 엔터플은 다음달 11일 서울 여의도 페어몬트 앰배서더 서울 호텔 그랜드볼룸에서 개막하는 노코드로우코드 자동화 컨퍼런스에 참가한다., https://zdnet.co.kr/view/?no=20221024153110 
현대엔지니어링 'HEC 2022 기술컨퍼런스' 개최, ... 건설현장 드론 활용 가이드 △RPA(Robotic Process Automation 로보틱 처리 자동화)를 이용한 업무 자동화 △AI CCTV 영상 분석 시스템 등의 강연으로 구성된다., https://www.hyundai.co.kr/news/CONT0000000000059373 
[ISEC 2022] 2차 개정된 개인정보보호법과 향후 정책방향 ..., 보안뉴스 · 1. 개인정보 전송요구권(이동권) 도입 첫째 개인정보 전송요구권이 신설됐다. · 2. 동의제도 개선 · 3. 자동화된 결정에 대한 정보주체의 권리 도입 · 4. 이원화된..., http://www.boannews.com/media/view.asp?idx=110819 
3D 로봇 비전 플랫폼 적용 사례 공유하는 웨비나 열린다, 픽잇코리아는 2018년부터 현재까지 적용한 3D비전이 적용 될 수 있는 로봇자동화 공정 및 어플리케이션 빈피킹(bin-picking) 디팔레타이징(Depalletizing)..., https://www.hellot.net/news/article.html?no=72234 
국토부 BIM 활성화 위한 교육지원 시범사업 추진, BIM은 건설 디지털화·자동화를 위한 핵심 기술로 현재 영국 싱가포르 등 선진국에서는 공공공사의 대다수를 BIM을 통해 발주하고 있다. 국토부는 지난 7월 2030 건설 전..., https://www.korea.kr/news/policyNewsView.do?newsId=148907280 
"펑션12 프런트 개발 시간 20분의 1로 단축", '펑션12'가 자동화로 구현한 '퍼블리싱'은 화면단에 보여지거나 움직임 혹은 사라지는 시각적인 부분이 작업의 대부분을 차지하는 영역이다. 박 대표는 "3년차 프런트엔드..., https://zdnet.co.kr/view/?no=20221019165412 
동서식품 경남 창원공장에 스마트팩토리 가동··418억원 투자, [이포커스 곽도훈 기자] 최근 산업계 전반에 걸쳐 디지털 트랜스포메이션(DT 디지털 대전환)이 확산되면서 식품업계에도 정보통신기술(ICT)을 접목한 첨단 자동화..., http://www.e-focus.co.kr/news/articleView.html?idxno=13095 
브라더인터내셔널코리아 다관절 로봇용 고강성 감속기 출시, 자동화 부품 및 프린팅 제품 전문기업인 브라더인터내셔널코리아(브라더GTR)가 '한국산업대전 2022(Digital Transformation Fair 2022)'에 고강성 감속기 신제품과..., http://m.irobotnews.com/news/articleView.html?idxno=29822 
한국폴리텍대학 부산캠퍼스 에스피시스템스와 산학협력 교류 ..., 주식회사 에스피시스템스는 산업용 갠트리 로봇 물류자동화시스템의 기술 개발 및 원가절감에 대한 열정과 노력으로 최고의 기술력과 경쟁력을 보유한 기업이다., http://www.busan.com/view/busan/view.php?code=2022102416122056120&recCode=preset&invenCode=xQFYEKAV&pageSeq=213e20213fb21138f3400fcb24ad9568 
농협은행 대손보전 업무 디지털화…“농민 권익 보호 강화”, 우선 개인회생 면책 인용 관련 업무에 '로봇프로세스자동화(RPA)'를 도입했다. RPA는 사람이 PC를 통해 수작업으로 입력하던 단순 반복 업무를 로봇이 동일한 방식으로..., https://www.nongmin.com/news/NEWS/ECO/FNC/365180/view 
데브간 케이던스 CEO “AI 기반 설계로 미세공정 진화 돕는다”, 케이던스는 세계적인 반도체설계자동화(EDA Electronic Design Automation) 툴을 개발하는 글로벌 기업이다. 반도체 설계의 기본적 툴부터 검증 단계까지 토탈솔루션을..., https://www.thelec.kr/news/articleView.html?idxno=18432 
이든티앤에스 RPA 솔루션 '웍트로닉스' 오는 27일 공개, [아이티데일리] 로보틱 프로세스 자동화(RPA) 솔루션 전문 기업 이든티앤에스(대표 김연기)는 자사의 웹 기반 인공지능(AI) RPA 솔루션 '웍트로닉스'를 오는 27일 공개..., http://www.itdaily.kr/news/articleView.html?idxno=210638 
“친환경 세제 공동 개발 나섰다”…한국이콜랩 뽀득과 MOU, 이번 협약을 계기로 양사는 △친환경 세제 개발 △세제의 공급 관리 △식기세척기 유지 관리 컨설팅 △수처리 및 수질관리 컨설팅 △식기 세척 자동화 기술 공유 등에 협력..., https://economist.co.kr/2022/10/21/industry/distribution/20221021104623815.html 
홈버튼 ‘임대부동산계의 빅데이터 플랫폼으로 도약’, 매월 반복적으로 발생하지만 자동화나 통계 데이터를 한눈에 볼 수 있게 한 것은 홈버튼이 처음입니다. 임차인도 놓치기 쉬운 것들을 제공하는 서비스로 임대 시장..., https://www.hankyung.com/realestate/article/202210248839i 
이든티앤에스 네이버 클라우드 플랫폼 온라인 웨비나서 ‘웍 ..., 로보틱 프로세스 자동화(RPA) 솔루션 전문 기업 이든티앤에스(대표이사 김연기)는 10월 27일 오전 11시부터 고객 및 파트너 관계자를 대상으로 네이버 클라우드 플랫폼..., http://www.policyfund.kr/news/articleView.html?idxno=5932 
카카오 홍은택 "복구 지연 원인은 서버 자동화 배포 시스템", MoneyToday 카카오 홍은택 홍은택 카카오 대표는 19일 경기 성남시 판교사옥에서 열린 대국민 사과 간담회에서 "서버 배포 자동화 시스템이 작동하지 않으면 서버를..., https://www.msn.com/ko-kr/news/techandscience/%EC%B9%B4%EC%B9%B4%EC%98%A4-%ED%99%8D%EC%9D%80%ED%83%9D-%EB%B3%B5%EA%B5%AC-%EC%A7%80%EC%97%B0-%EC%9B%90%EC%9D%B8%EC%9D%80-%EC%84%9C%EB%B2%84-%EC%9E%90%EB%8F%99%ED%99%94-%EB%B0%B0%ED%8F%AC-%EC%8B%9C%EC%8A%A4%ED%85%9C/ar-AA137wkC 
서울시 관악복합평생교육센터 11월 1일 개관, 대표적으로 사무처리 자동화(OA) 실무 사회 초년생을 위한 금융 정보 비즈니스 영어 맞춤형 재무설계 등이 있다. 구직자가 원하는 개별 직무 특성을 파악해 구직..., https://m.yna.co.kr/amp/view/AKR20221024134700004 
[한국산업대전] 고경도 난삭재료 가공용 드릴링 머신 선보여, ... 확장성과 유연성이 높다”라며 CNC와 무선통신을 통해 가공품의 로딩과 언로딩 자동화(FA)가 가능해 무인화라인 구축으로 효율화를 제고할 수 있다고 언급했다., http://www.kidd.co.kr/news/229751 
[한국산업대전] 컴프레셔 에너지 효율 고려할 때, '2022 한국산업대전'이 경기도 고양시 일산 킨텍스(KINTEX) 제1전시장에서 '제16회 한국국제냉난방공조전(HARFKO 2022)' '2022 국제 공구 및 스마트 용접 자동화..., https://kidd.co.kr/news/229726 
[한국산업대전] “국산 감속기 정부의 집중적·지속적인 지원 필요”, 한편 한국산업대전은 '제16회 한국국제냉난방공조전(HARFKO 2022)' '2022 국제 공구 및 스마트 용접 자동화전(TOOL TECH + SMART WELDING AUTOMATION FAIR 2022)'과 동시..., https://www.kidd.co.kr/news/229676 
한국지엠 경차 전용 창원 공장 차세대 CUV 라인으로 탈바꿈, 최중혁 생산부문 차체·프레스 담당 부장은 “차체 하부의 부품 세팅 작업외에 차체 본체와 도어 작업 루프와 본체 용접 등은 모두 자동화했다”고 설명했다., https://www.busan.com/view/busan/view.php?code=2022102518105453038 
표철민 체인파트너스 대표의 ‘Dream’ & ‘Changer’, 도메인 등록에서 시작해 위젯 소셜 네트워크 게임 그리고 앱까지 섭렵 · 새로운 조류를 만날 때면 '가슴이 뛰는 것'을 느껴 · 코인 거래 자동화… 체인저의 시작., https://www.tech42.co.kr/%ED%91%9C%EC%B2%A0%EB%AF%BC-%EC%B2%B4%EC%9D%B8%ED%8C%8C%ED%8A%B8%EB%84%88%EC%8A%A4-%EB%8C%80%ED%91%9C%EC%9D%98-dream-changer/ 
[The dailynews l 미래를 여는 희망찬 신문] Advanced ..., 삼투압 측정 분야의 선도적인 권위자인 Advanced Instruments는 자동화를 통해 생산성을 높이고자 하는 모든 규모의 임상 실험실을 위한 OsmoPRO®를 설계했다., http://m.thedailynews.co.kr/101575 
[The dailynews l 미래를 여는 희망찬 신문] Advanced ..., 삼투압 측정 분야의 선도적인 권위자인 Advanced Instruments는 자동화를 통해 생산성을 높이고자 하는 모든 규모의 임상 실험실을 위한 OsmoPRO®를 설계했다., http://m.thedailynews.co.kr/101575 
모티브인텔리전스 '2022 일·생활균형 서울형 강소기업' 선정, 모티브인텔리전스는 자동화된 기업 광고 운영 및 다양한 미디어들의 광고 수익을 창출해주는 프로그래머틱 광고 기술 회사다. 최근 온라인동영상서비스(OTT)를 포함한..., https://zdnet.co.kr/view/?no=20221025143315 
[재테크 TIP] 이달 IPO 청약 일정은?…"반도체·로봇 기업 상장 ..., 로봇을 기반으로 제조 공정 자동화를 원하는 고객에게 자동화 솔루션을 도입하고 운영할 수 있도록 자동화 생태계를 구축하고 있다. 뉴로메카의 공모주식수는 150만주로..., http://www.dt.co.kr/contents.html?article_no=2022102102109963060001 
[ISEC 2022] 지란지교에스앤씨 워라밸이 가능한 방화벽 정책관리, ... 이 지난 현재 방화벽 정책관리 트렌드도 방화벽 정책 정리를 위한 분석기능과 리포트에서 이기종 방화벽 정책관리 자동화로 변화했다”며 방화벽 정책관리 자동화에..., http://www.boannews.com/media/view.asp?idx=110713 
DGB금융그룹 4세대 지능형 보안관제시스템 구축, DGB데이터시스템 관계자는 “자동화된 보안관제는 정해진 규칙으로 이뤄지는 업무를 자동화해 업무처리를 효율적으로 수행하며 다양하고 지능적인 보안 위협을 식별 및..., https://mobile.newsis.com/view.html?ar_id=NISX20221019_0002053523 
서비스나우-데이터독 27일 클라우드 운영 혁신 웨비나 개최, 서비스나우는 27일 오후 2시부터 <디지털데일리> 웨비나 플랫폼 'DD튜브'를 통해 데이터독 이노훈 파트너 솔루션 아키텍트와 서비스나우 장순현 매니저가 '지능화 자동화..., https://www.ddaily.co.kr/news/article/?no=249620 
[카드] 코윈테크 글로벌 대형사에 368억원 규모 수주 계약, [프라임경제] 2차전지 자동화시스템 선도기업 코윈테크(282880)는 글로벌 대형기업과 368억원 규모의 수주계약을 체결했다고 24일 밝혔다., http://www.newsprime.co.kr/news/article.html?no=583022 
디지털 장밋빛 미래의 그림자… '일자리 예습' 준비해야 할 때, 자동화에 따른 직업군의 위험에 관한 연구들은 현재 직업군의 약 절반가량이 영향을 받을 것으로 본다. OECD 보고서는 현존 직업의 14%를 자동화의 고위험군으로 직업의..., https://www.pressian.com/pages/articles/2022102411282640350 
[2022 건설협력증진대상] 국토교통부장관상-영신디엔씨, 지난 44년에 걸쳐 도로 철도 교량 항만 등 토목인프라 전 분야에서 기술과 전문지식을 축적했다. 영신디엔씨는 이를 바탕으로 ICT(정보통신기술)을 접목한 건설자동화..., https://m.dnews.co.kr/m_home/view.jsp?idxno=202210130949487700781 
BIM 활성화 촉진을 위한 교육지원 시범사업 추진, BIM은 건설 디지털화·자동화를 위한 핵심 기술로 국토교통부는 지난 7월 2030 건설 전 과정 디지털화·자동화를 목표로 발표한 「스마트 건설 활성화 방안」에서 BIM..., https://www.korea.kr/news/pressReleaseView.do?newsId=156531861 
BIM 활성화 촉진을 위한 교육지원 시범사업 추진, BIM은 건설 디지털화·자동화를 위한 핵심 기술로 국토교통부는 지난 7월 2030 건설 전 과정 디지털화·자동화를 목표로 발표한 「스마트 건설 활성화 방안」에서 BIM..., https://www.korea.kr/news/pressReleaseView.do?newsId=156531861 
인간을 대신하는 '튀김로봇 바리스타로봇 미러로이드'…, 인공지능(AI) 사물인터넷(IOT) 로봇기술 등이 각종 상점과 매장에 적극 도입되면서 멀지않아 오로지 자동화된 기계만으로 운영되는 '스마트상점'이 대세를 이룰..., http://www.sbiztoday.kr/news/articleView.html?idxno=12776 
부산항 신항 스마트 공동물류센터 운영사 선정 절차 개시, 로봇 사물인터넷(IoT) 빅데이터 인공지능(AI) 등 첨단 기술을 활용해 화물 보관과 입출고를 자동화하고 중소형 수출입 화주와 물류기업 등 물류 인프라 이용에서..., https://www.hankyung.com/economy/article/202210213292Y 
ISC 유럽 반도체 시장 공략 잰걸음, iSP-Micro는 자회사인 프로웰이 독자 개발한 초정밀 자동화 조립 공정으로 제조된 초미세 피치 핀이다. 프로웰은 아이에스시가 지난 4월 인수한 포고 핀 전문기업으로..., https://www.mk.co.kr/news/business/view/2022/10/947494/ 
구미시 방사청·구미국방벤처센터와 방산기업 현장소통간담회 ..., 검사․광학 장비 자동화․로봇 장비 제조업체 ㈜에스엘테크 방문 ... (데일리대구경북뉴스=황지현 기자)구미시(시장 김장호)는 10월 25일 방위사업청 방산기업원스톱지원센터..., http://www.dailydgnews.com/news/article.html?no=138310 
“수작업 의존하는 철의장 산업 디지털 전환으로 생산성 높여야”, “자동화 시스템 기술개발 클라우드 기반 공동 플랫폼 필요”. [울산저널]이기암 기자=“지난 7월 조선수주 1위…LNG선 싹쓸이·친환경 선박 81% 수주” 라는 한 유력..., http://m.usjournal.kr/news/newsview.php?ncode=1065597066717203 
[한국산업대전] 용입률 높은 AC 스팟용접기, 케이엠제이(KMJ)는 경기도 고양시 킨텍스(KINTEX) 제1전시장에서 열린 '2022 국제 공구 및 스마트 용접 자동화전'에 참가해 AC 인버터 스팟용접기 및 주변 기기를..., http://kidd.co.kr/news/229759 
건설기계 ‘친환경·스마트·콘셉트화’ 바람, 세계최대 獨 박람회 신기술 각축 전기·수소전지 굴착기 등 전시 스마트건설 맞춰 무인·자동화 소형화로 틈새시장 공략 박차 현대重그룹 점유율 확대 속도., https://mbiz.heraldcorp.com/view.php?ud=20221024000337 
롯데홈쇼핑 이천 물류센터 오픈…최첨단 물류 인프라 구현, 자동화 과정은 입고 상품을 무인지게차로 이동하면 디팔렛타이저가 출고 라인에 투입한다. 오토라벨러가 상품을 자동으로 인식하여 운송장을 부착 컨베이어를 따라 출고..., https://www.ajunews.com/view/20221023101252621?utm_source=ajunews&utm_medium=view&utm_campaign=industry_top 
BIM 활성화 위한 교육지원 시범사업 추진, BIM은 건설 디지털화·자동화를 위한 핵심 기술로 국토부는 지난 7월 2030 건설 전 과정 디지털화·자동화를 목표로 발표한 '스마트 건설 활성화 방안'에서 BIM 전면..., https://www.koit.co.kr/news/articleView.html?idxno=104623 
[신제품] 슈나이더일렉트릭 코리아, 에너지관리 및 자동화분야 디지털혁신을 선도하고 있는 글로벌기업 슈나이더일렉트릭 코리아(한국대표 김경록)가 가을철 산업현장의 화재예방을 위한 스마트센서 '파워..., http://www.kharn.kr/news/article.html?no=20664 
[보건복지타임스] Advanced Instruments 임상 실험실 생산성을 ..., 자동화된 바코드 스캔 기능은 전사 오류를 줄이고 샘플 혼동을 방지한다. AdvancedQC™ 피어 그룹 프로그램에 대한 자동 데이터 업로드 기능으로 품질 관리 경향 및 기기..., http://www.hwtimes.co.kr/27891 
[한국산업대전] 습식 샌딩 블라스트 머신의 해외 판로 개척에 ..., ... 수동형뿐만 아니라 자동화한 습식형 블라스트 머신 등 다양한 형태로 기기를 개발하고 ... '2022 국제 공구 및 스마트 용접 자동화전(TOOL TECH + SMART WELDING..., http://www.kidd.co.kr/news/229703 
국토부 BIM 활성화 위한 교육지원 시범사업 추진, BIM은 건설 디지털화자동화를 위한 핵심 기술로 현재 영국 싱가포르 등 선진국에서는 공공공사의 대다수를 BIM을 통해 발주하고 있다., http://www.koreatkdnews.com/news/article.html?no=31517 
의료용 대마 뜬다?…안동에 쏠리는 스타트업의 시선[Geeks' Briefing], 논문은 피플펀드의 대출 승인 자동화 시스템 '아고스'에 관한 내용을 담았다. 대출 승인에 사용되는 1800여 개 변수를 AI가 자동 탐색해 반영하는 원리다., https://www.hankyung.com/it/article/202210215048i 
선형 전송 자동화 시스템 시장 규모 상태 글로벌 수요 및 상위 ..., 이 선형 전송 자동화 시스템 시장 조사 보고서에서 언급된 주요 선수: ATS Automation Rockwell Automation Beckhoff Automation Preh IMA Automation Ruhlamat Afag..., https://icibs.org/news/1700850/%EC%84%A0%ED%98%95-%EC%A0%84%EC%86%A1-%EC%9E%90%EB%8F%99%ED%99%94-%EC%8B%9C%EC%8A%A4%ED%85%9C-%EC%8B%9C%EC%9E%A5-%EA%B7%9C%EB%AA%A8-%EC%83%81%ED%83%9C-%EA%B8%80%EB%A1%9C%EB%B2%8C-%EC%88%98%EC%9A%94/ 
"스마트폰으로 단 5분"…한화생명 청약자동화 솔루션 특허 취득, 한화생명이 업계 최초로 보험 신계약 과정을 로봇 기술로 자동화하며 법인대리점(GA) 시장에서의 영업 경쟁력 강화에 나섰다. 한화생명은 보험설계 및 청약 업무..., https://www.etoday.co.kr/news/view/2185344?trc=ir_news 
자동화 음식물처리기 린클프라임 롯데홈쇼핑 25일 TV라이브 편성, 또한 “린클 음식물처리기는 싱크대에 별도의 설치가 필요한 음식물처리기가 아닌 원하는 곳에 두고 전원만 꽂아 사용할 수 있는 프리스탠딩 가정용 음식물처리기다”라고..., http://www.sisunnews.co.kr/news/articleView.html?idxno=172123 
물류 자동화 시장 세분화 시장 선수 동향 및 예측 2030 – 아시아 ..., Logistics Automation Market Analysis에 따르면 전 세계의 많은 산업이 글로벌 시장에 서기 위해 현대적인 물류 관리 전술로 전환하고 있습니다. 멕시코 캐나다 미국과..., https://www.asiatimeskorea.com/press-release/%EB%AC%BC%EB%A5%98-%EC%9E%90%EB%8F%99%ED%99%94-%EC%8B%9C%EC%9E%A5-%EC%84%B8%EB%B6%84%ED%99%94-%EC%8B%9C%EC%9E%A5-%EC%84%A0%EC%88%98-%EB%8F%99%ED%96%A5-%EB%B0%8F-%EC%98%88%EC%B8%A1-2030/55265/ 
Oracle Microsoft Broadcom BMC Software 등 주요 업체의 ..., 데이터베이스 자동화 시장 조사 보고서 2022-2028(제품 유형 최종 사용자/응용 프로그램 및 지역/국가별)이라는 제목의 MarketInsightsReports의 최신 릴리스는 주요..., https://icibs.org/news/1700493/oracle-microsoft-broadcom-bmc-software-%EB%93%B1-%EC%A3%BC%EC%9A%94-%EC%97%85%EC%B2%B4%EC%9D%98-%EC%97%84%EC%B2%AD%EB%82%9C-%EC%84%B1%EC%9E%A5%EC%9D%84-%EB%AA%A9%EA%B2%A9%ED%95%98%EB%8A%94/ 
멜트 샵 자동화 및 최적화 서비스 시장 규모 상태 수요 성장 및 ..., 글로벌 용융 공장 자동화 및 최적화 서비스 시장의 주요 기업 : Primetals Technologies Ami Automation Danieli Badische Stahl-Engineering GmbH Brock Solutions..., https://www.lnews.tv/%EC%86%8C%EC%8B%9D/%EB%A9%9C%ED%8A%B8-%EC%83%B5-%EC%9E%90%EB%8F%99%ED%99%94-%EB%B0%8F-%EC%B5%9C%EC%A0%81%ED%99%94-%EC%84%9C%EB%B9%84%EC%8A%A4-%EC%8B%9C%EC%9E%A5-%EA%B7%9C%EB%AA%A8-%EC%83%81%ED%83%9C-%EC%88%98/4120/ 
우편 자동화 시스템 시장: 신흥 동향 성장 분석 CAGR 및 기회 ..., 글로벌 “ 우편 자동화 시스템 시장 ” 조사 보고서는 2028년까지 시장 규모 점유율 동향 성장 비용 수익 용량 및 예측과 관련된 자세한 정보를 제공합니다., https://icibs.org/news/1699525/%EC%9A%B0%ED%8E%B8-%EC%9E%90%EB%8F%99%ED%99%94-%EC%8B%9C%EC%8A%A4%ED%85%9C-%EC%8B%9C%EC%9E%A5-%EC%8B%A0%ED%9D%A5-%EB%8F%99%ED%96%A5-%EC%84%B1%EC%9E%A5-%EB%B6%84%EC%84%9D-cagr-%EB%B0%8F-%EA%B8%B0/ 
산업 자동화 시장을 위한 포그 컴퓨팅은 예측 2022-2028 동안 ..., 산업 자동화 시장 조사 보고서를 위한 포그 컴퓨팅은 오늘날의 진화하고 경쟁적인 시장에서 큰 의미가 있습니다. 주요 업체가 모든 주요 동향 고객의 구매 특성..., https://ictdaily.net/press-release/214801/%EC%82%B0%EC%97%85-%EC%9E%90%EB%8F%99%ED%99%94-%EC%8B%9C%EC%9E%A5%EC%9D%84-%EC%9C%84%ED%95%9C-%ED%8F%AC%EA%B7%B8-%EC%BB%B4%ED%93%A8%ED%8C%85%EC%9D%80-%EC%98%88%EC%B8%A1-2022-2028-%EB%8F%99%EC%95%88-2/ 
마케팅 자동화 도구 시장: 2029년까지 제품 주요 주요 업체 ..., Market Intelligence Data 대한 연구 “ 마케팅 자동화 도구 시장 ” 에서 발행한 정성 보고서이 연구 보고서는 프로필 세부 정보와 함께 현재 동향 최신 확장 조건..., https://www.lnews.tv/%EC%86%8C%EC%8B%9D/%EB%A7%88%EC%BC%80%ED%8C%85-%EC%9E%90%EB%8F%99%ED%99%94-%EB%8F%84%EA%B5%AC-%EC%8B%9C%EC%9E%A5-2029%EB%85%84%EA%B9%8C%EC%A7%80-%EC%A0%9C%ED%92%88-%EC%A3%BC%EC%9A%94-%EC%A3%BC%EC%9A%94-%EC%97%85/7739/ 
자동화된 자재 처리 시스템 시장 2021-2031년 동안 상당한 ..., 자동화된 자재 처리 시스템 시장 2021-2031년 동안 상당한 CAGR로 확장 | SSI Schaefer Toyota Industries Honeywell International BEUMER Group GmbH & Co. KG., https://ictdaily.net/press-release/215484/%EC%9E%90%EB%8F%99%ED%99%94%EB%90%9C-%EC%9E%90%EC%9E%AC-%EC%B2%98%EB%A6%AC-%EC%8B%9C%EC%8A%A4%ED%85%9C-%EC%8B%9C%EC%9E%A5-2021-2031%EB%85%84-%EB%8F%99%EC%95%88-%EC%83%81%EB%8B%B9%ED%95%9C-cagr/ 
초자동화 시장 전략 개요 및 2029 년까지 기술 범위 예측: UiPath ..., 이 연구에서는 다음과 같은 주요 업체를 다룹니다. ◘ UiPath ◘ SolveXia ◘ Appian ◘ Mitsubishi Electric Corporation ◘ Automation Anywhere Inc. ◘ Allerin Tech..., https://www.asiatimeskorea.com/%EB%AF%B8-%EB%B6%84%EB%A5%98/%EC%B4%88%EC%9E%90%EB%8F%99%ED%99%94-%EC%8B%9C%EC%9E%A5-%EC%A0%84%EB%9E%B5-%EA%B0%9C%EC%9A%94-%EB%B0%8F-2029-%EB%85%84%EA%B9%8C%EC%A7%80-%EA%B8%B0%EC%88%A0-%EB%B2%94%EC%9C%84-%EC%98%88%EC%B8%A1-uipat/52787/ 
자동화 로봇 기술 시장 경쟁 인사이트 2022-2028: ABB Fanuc ..., 잘 설명된 SWOT 분석 수익 공유 및 연락처 정보는 이 보고서 분석에서 공유됩니다. 또한 개발 및 용량 측면에서 시장 정보를 제공합니다. 이 연구 보고서의 범위는 자동화..., https://icibs.org/news/1700313/%EC%9E%90%EB%8F%99%ED%99%94-%EB%A1%9C%EB%B4%87-%EA%B8%B0%EC%88%A0-%EC%8B%9C%EC%9E%A5-%EA%B2%BD%EC%9F%81-%EC%9D%B8%EC%82%AC%EC%9D%B4%ED%8A%B8-2022-2028-abb-fanuc-corp-comau/ 
자동화 지게차 시장 2022를 위한 센서 및 카메라 종합 인사이트 ..., 자동화 지게차용 센서 및 카메라 시장 조사 보고서는 시장 성장에 영향을 미치는 시장 규모 점유율 개요 및 성장 전망에 대한 포괄적인 분석을 제공합니다., https://icibs.org/health/1698822/%EC%9E%90%EB%8F%99%ED%99%94-%EC%A7%80%EA%B2%8C%EC%B0%A8-%EC%8B%9C%EC%9E%A5-2022%EB%A5%BC-%EC%9C%84%ED%95%9C-%EC%84%BC%EC%84%9C-%EB%B0%8F-%EC%B9%B4%EB%A9%94%EB%9D%BC-%EC%A2%85%ED%95%A9-%EC%9D%B8/ 
ETL 자동화 테스트 시장 예측 2022 – 2028: 주요 이해 관계자를 ..., Stratagem Market Insights 는 ETL 자동화 테스트 시장이라는 새로운 시장 정보 보고서를 추가했다고 발표했습니다. 이 보고서는 주요 동인 제한 사항 새로운 트렌드..., https://www.asiatimeskorea.com/%EB%AF%B8-%EB%B6%84%EB%A5%98/etl-%EC%9E%90%EB%8F%99%ED%99%94-%ED%85%8C%EC%8A%A4%ED%8A%B8-%EC%8B%9C%EC%9E%A5-%EC%98%88%EC%B8%A1-2022-2028-%EC%A3%BC%EC%9A%94-%EC%9D%B4%ED%95%B4-%EA%B4%80%EA%B3%84%EC%9E%90%EB%A5%BC-%EC%9C%84/52957/ 
자동화 된 세포 배양 시장 조사 역학 통계 및 2027 년 예측 ..., 자동화된 세포 배양은 기계적으로 조절된 기술에 의해 세포주를 성장 및 유지하는 것을 돕는 그러한 절차 중 하나이다. Market Research Future (MRFR)는 글로벌..., http://www.cnbtoday.com/%EB%89%B4%EC%8A%A4/527704/527704/ 
글로벌 자동화된 식민지 카운터 시장 SWOT 분석 주요 동향 및 ..., 자동화된 식민지 카운터 산업 연구 보고서에는 산업 성장 전망 시장 규모 및 가치 일반적인 상업적 동향에 대한 철저한 분석이 포함됩니다. 이번 조사에서는 자동화된..., https://www.ctmagazine.kr/news/393034/%EA%B8%80%EB%A1%9C%EB%B2%8C-%EC%9E%90%EB%8F%99%ED%99%94%EB%90%9C-%EC%8B%9D%EB%AF%BC%EC%A7%80-%EC%B9%B4%EC%9A%B4%ED%84%B0-%EC%8B%9C%EC%9E%A5-swot-%EB%B6%84%EC%84%9D-%EC%A3%BC%EC%9A%94-%EB%8F%99/ 
[2022-2032] 의료 자동화 시장 규모 점유율 및 성장 보고서, 자동화된 환자 모니터링 시스템은 시장의 성장률을 향상시킬 가능성이 있는 의료 부문에서 성공을 거두고 있습니다. 속성 세부. 2020년 의료 자동화 시장 가치..., https://cryptopresso.com/%EC%86%8C%EC%8B%9D/2022-2032-%EC%9D%98%EB%A3%8C-%EC%9E%90%EB%8F%99%ED%99%94-%EC%8B%9C%EC%9E%A5-%EA%B7%9C%EB%AA%A8-%EC%A0%90%EC%9C%A0%EC%9C%A8-%EB%B0%8F-%EC%84%B1%EC%9E%A5-%EB%B3%B4%EA%B3%A0%EC%84%9C/705781/ 
산업 자동화 소프트웨어시장 예측 Emerson Electric Rockwell ..., Emerson Electric Rockwell Automation Schneider Electric Siemens ABB Accenture Dassault Systèmes HCL Technologies Hitachi Honeywell International..., https://www.gold-kids.com/news/559119/%EC%82%B0%EC%97%85-%EC%9E%90%EB%8F%99%ED%99%94-%EC%86%8C%ED%94%84%ED%8A%B8%EC%9B%A8%EC%96%B4%EC%8B%9C%EC%9E%A5-%EC%98%88%EC%B8%A1-emerson-electric-rockwell-automation-schneider-electric-siemens-ab/ 
자동화 계측 시장에서 2028 년까지 놀라운 성장을 목격 – 시사 ..., 이 훌륭한자동화 계측시장 보고서는 중요한 기계적 개발과 특정 기간 동안 다양한 협회 ... 12.2 글로벌 자동화 계측 애플리케이션별 소비 예측 및 성장률(2022-2028), https://www.sisanewsjournal.com/%EC%8B%9C%EC%9E%A5-%EB%B3%B4%EA%B3%A0%EC%84%9C/%EC%9E%90%EB%8F%99%ED%99%94-%EA%B3%84%EC%B8%A1-%EC%8B%9C%EC%9E%A5%EC%97%90%EC%84%9C-2028-%EB%85%84%EA%B9%8C%EC%A7%80-%EB%86%80%EB%9D%BC%EC%9A%B4-%EC%84%B1%EC%9E%A5%EC%9D%84-%EB%AA%A9%EA%B2%A9/61710/ 
자동화 제조 2022-2028년 예측 기간 동안 시장 건전한 속도, 자동화 제조 시장에 대한 시장 인텔리전스 데이터가 최근 추가되어 글로벌 자동화 제조 시장에서 높은 잠재적 성장을 가능하게 할 다양한 시장 역학에 대한 독점적인..., https://www.bytimes.kr/2022/10/21/%EC%9E%90%EB%8F%99%ED%99%94-%EC%A0%9C%EC%A1%B0-2022-2028%EB%85%84-%EC%98%88%EC%B8%A1-%EA%B8%B0%EA%B0%84-%EB%8F%99%EC%95%88-%EC%8B%9C%EC%9E%A5-%EA%B1%B4%EC%A0%84%ED%95%9C-%EC%86%8D%EB%8F%84/ 
